acc_x, acc_y, angular_z, stamp, 
0.030847907066345215, -0.006374359130859375, -3.063460348139815e-10, 1759176499701538267, 
-0.01609891653060913, -0.022683560848236084, -5.081651252034416e-10, 1759176499727806804, 
-0.03780078887939453, 0.0060842037200927734, -4.960176276190035e-10, 1759176499757872330, 
0.01788461208343506, 0.009676098823547363, -5.081743410469477e-10, 1759176499787835842, 
0.03746849298477173, 0.002284705638885498, -9.900414155600656e-07, 1759176499817954485, 
0.0012624859809875488, -0.024665772914886475, -6.323396199337177e-10, 1759176499847923781, 
0.004595160484313965, -0.008248388767242432, -9.902985858518826e-07, 1759176499878037103, 
-0.008059203624725342, -0.00807112455368042, -5.273572428004541e-10, 1759176499908861201, 
0.004397332668304443, 0.0027847886085510254, -9.234513400969925e-07, 1759176499941148283, 
-0.006652116775512695, 0.008366823196411133, -4.958814755747194e-10, 1759176499968311954, 
-0.00505298376083374, -0.009470999240875244, -9.969965890817581e-07, 1759176499998215144, 
-0.003248155117034912, -0.0039484500885009766, -2.966758737548845e-10, 1759176500027276657, 
0.005800008773803711, 0.014068961143493652, -9.60100474289072e-07, 1759176500058325139, 
0.014673054218292236, 0.0014897584915161133, -2.707919762635214e-10, 1759176500088369691, 
-0.007083594799041748, -0.023685574531555176, -9.919251054030518e-07, 1759176500118420522, 
0.0018491148948669434, -0.005625784397125244, -1.867513691224224e-10, 1759176500149813009, 
0.028817057609558105, -0.012558817863464355, -9.530837700154898e-07, 1759176500181084288, 
-0.0017985701560974121, 0.0018780827522277832, -0.0001918390210167209, 1759176500208581100, 
1.7169817686080933, -0.029112279415130615, 0.14811592868376325, 1759176500267761996, 
0.23242032527923584, 0.36428725719451904, 0.1499947845709967, 1759176500298707736, 
0.9374843239784241, -0.2038426399230957, 0.230579512905377, 1759176500328957620, 
-0.0672752857208252, -0.01744842529296875, 0.2813440638070944, 1759176500358863666, 
0.8001358509063721, 0.15684956312179565, 0.3223053362736926, 1759176500388924507, 
1.278167724609375, 0.3315671682357788, 0.33424470929383393, 1759176500420965467, 
0.24178743362426758, -0.07366716861724854, 0.4309172933675301, 1759176500449089288, 
0.8135864734649658, -0.0370144248008728, 0.47096633315534975, 1759176500479018454, 
0.5992497205734253, 0.5785802006721497, 0.5171092832127316, 1759176500509066109, 
-0.15783262252807617, -0.20733964443206787, 0.524823093826772, 1759176500539101864, 
-0.3099559545516968, 0.02737206220626831, 0.5249673245487194, 1759176500569129853, 
-0.3202176094055176, 0.2945968508720398, 0.5048666593621977, 1759176500599296959, 
-0.2694668173789978, -0.06370937824249268, 0.5204131708895329, 1759176500628307229, 
-0.40864598751068115, 0.19462287425994873, 0.4609945973400847, 1759176500661454497, 
0.43199294805526733, 0.09133636951446533, 0.5156432191835603, 1759176500691456468, 
-0.02391904592514038, 0.15929526090621948, 0.5334872362882411, 1759176500719545471, 
-0.027384459972381592, 0.059291720390319824, 0.5030093009831169, 1759176500749420821, 
0.02443540096282959, -0.2190573811531067, 0.4314375706274424, 1759176500772880104, 
0.4091399908065796, 0.34678828716278076, 0.5503133506745925, 1759176500809557581, 
-0.39026349782943726, -0.2025740146636963, 0.5087565765703846, 1759176500838745644, 
-0.19693529605865479, 0.04760843515396118, 0.4988698173832353, 1759176500869676275, 
0.06969881057739258, 0.32688647508621216, 0.45535771144031323, 1759176500900964271, 
-0.492679238319397, -0.3716513514518738, 0.4440785866388531, 1759176500933308772, 
0.1858283281326294, 0.15465432405471802, 0.5709693997116648, 1759176500959800289, 
0.17921513319015503, 0.2202504277229309, 0.5031741011752433, 1759176500989821446, 
-0.04650169610977173, 0.05938929319381714, 0.4394616236489353, 1759176501013304904, 
-0.09133404493331909, 0.21306413412094116, 0.5608761077894688, 1759176501040009821, 
-0.06431806087493896, -0.08219820261001587, 0.4731053936233295, 1759176501070129619, 
-0.36166954040527344, -0.07198089361190796, 0.4973161007627723, 1759176501100002875, 
-0.12263822555541992, 0.14278489351272583, 0.5169868483844877, 1759176501130052901, 
-0.14432883262634277, 0.27725929021835327, 0.5192024367601479, 1759176501160140793, 
0.5435306429862976, -0.1461777687072754, 0.4986936167043269, 1759176501190211707, 
0.06183892488479614, 0.2546995282173157, 0.4727740385801485, 1759176501221133994, 
-0.2407071590423584, -0.19778645038604736, 0.465392694724873, 1759176501253280420, 
0.006637394428253174, 0.31090056896209717, 0.5508261463293803, 1759176501290626867, 
-0.49658989906311035, 0.0010462403297424316, 0.49463107532985845, 1759176501320406293, 
0.3133624792098999, -0.08817094564437866, 0.5046428143160091, 1759176501350484146, 
0.2454032301902771, 0.3575640916824341, 0.4840204113655517, 1759176501380754284, 
0.2990782856941223, 0.049156904220581055, 0.4429553265210512, 1759176501413123070, 
-0.08724111318588257, 0.156511127948761, 0.5363130053200443, 1759176501440944090, 
0.0545160174369812, 0.06960076093673706, 0.5373707525724462, 1759176501469767836, 
-0.15838515758514404, -0.014645099639892578, 0.4985302511433006, 1759176501500767079, 
0.1897510290145874, 0.393163800239563, 0.4892104320257263, 1759176501531044823, 
0.04576355218887329, 0.09788644313812256, 0.48630783971077235, 1759176501560841950, 
0.46516501903533936, 0.02674400806427002, 0.49731271493409357, 1759176501591101742, 
-0.29953354597091675, 0.48201948404312134, 0.4882666670704323, 1759176501621612560, 
-0.1558668613433838, -0.24531316757202148, 0.47834322152630776, 1759176501653094283, 
-0.035887300968170166, 0.03510546684265137, 0.5412490502865543, 1759176501681077455, 
-0.3520740866661072, 0.02149742841720581, 0.4998878250502223, 1759176501711093701, 
0.16430938243865967, 0.1626719832420349, 0.5100760232124808, 1759176501741123240, 
0.3579142689704895, 0.17744189500808716, 0.5044611361431501, 1759176501771165531, 
0.04830455780029297, -0.09347885847091675, 0.5033187755372319, 1759176501801226479, 
-0.17187398672103882, 0.20760577917099, 0.4895844307525988, 1759176501831298698, 
-0.13203805685043335, 0.0027687549591064453, 0.5008246158293852, 1759176501860328898, 
-0.16694962978363037, -0.06128394603729248, 0.450114254830635, 1759176501893101536, 
-0.11175364255905151, 0.5150009989738464, 0.46986482569921945, 1759176501924198475, 
-0.049900174140930176, -0.2932412624359131, 0.5359079076344232, 1759176501961576071, 
0.4210299849510193, 0.09504300355911255, 0.5273733255068848, 1759176501991555752, 
-0.5193465948104858, 0.10561776161193848, 0.5070198622448322, 1759176502021555618, 
0.3586845397949219, 0.36464202404022217, 0.48596990761408443, 1759176502052719394, 
0.1095324158668518, 0.03875577449798584, 0.4352846915902558, 1759176502085970033, 
-0.33982664346694946, -0.08457261323928833, 0.570473131184648, 1759176502111852659, 
0.10016560554504395, 0.10265672206878662, 0.5230206285131361, 1759176502141988061, 
-0.057307422161102295, 0.41093093156814575, 0.5182008861032473, 1759176502171956031, 
0.19603466987609863, -0.00399249792098999, 0.49098934484928797, 1759176502201931750, 
-0.2355644702911377, -0.18469804525375366, 0.4852350319233234, 1759176502232018967, 
-0.16255760192871094, 0.18352407217025757, 0.494405145400854, 1759176502262083915, 
0.1314370036125183, 0.14414602518081665, 0.47772217282581037, 1759176502293091591, 
0.2746974229812622, 0.2216418981552124, 0.4440680141768755, 1759176502325640004, 
0.18421566486358643, -0.2494390606880188, 0.544177316463935, 1759176502362175850, 
-0.5181270837783813, 0.18352073431015015, 0.49912460340453374, 1759176502392223793, 
-0.3433223366737366, -0.04751092195510864, 0.47731529241318493, 1759176502422368016, 
-0.10710763931274414, -0.12216734886169434, 0.4739450386832213, 1759176502453594904, 
-0.4151124358177185, 0.3058760166168213, 0.4739960536536305, 1759176502485232545, 
0.3270123600959778, -0.09141111373901367, 0.5438112641933569, 1759176502512469621, 
0.11235088109970093, 0.1426328420639038, 0.5269794070522221, 1759176502542632199, 
-0.06186985969543457, 0.22313779592514038, 0.46634622179630303, 1759176502565355244, 
-0.21145236492156982, -0.08101010322570801, 0.5493637714314694, 1759176502602574396, 
0.014067292213439941, 0.12773442268371582, 0.4972793555198622, 1759176502632661473, 
-0.16887295246124268, 0.07383263111114502, 0.485052461449533, 1759176502661713736, 
-0.3652016520500183, 0.05644524097442627, 0.44708541969718024, 1759176502693500735, 
-0.24668478965759277, 0.008605718612670898, 0.4689676454194035, 1759176502725654643, 
0.22504812479019165, 0.042784273624420166, 0.5874288983174923, 1759176502752981772, 
-0.5098401308059692, -0.026213884353637695, 0.5171312606973367, 1759176502782844283, 
0.12485319375991821, -0.22376751899719238, 0.48260372654877925, 1759176502813084107, 
-0.17282557487487793, 0.07692909240722656, 0.4816854954047841, 1759176502843119364, 
-0.10958492755889893, 0.09279805421829224, 0.4915880586833172, 1759176502873005987, 
-0.026194453239440918, 0.21400409936904907, 0.4922165392238561, 1759176502903046598, 
0.33471882343292236, 0.10364019870758057, 0.4927140780896464, 1759176502933590087, 
-0.023284316062927246, 0.26633167266845703, 0.47522475727672236, 1759176502965655789, 
0.04735147953033447, -0.23535996675491333, 0.5051380823086508, 1759176502995623042, 
-0.1697579026222229, 0.1917772889137268, 0.5568705339923925, 1759176503023489917, 
-0.2884475588798523, 0.13328701257705688, 0.5249298758033915, 1759176503053478071, 
0.4375767707824707, 0.08389943838119507, 0.4434614503230607, 1759176503076297928, 
-0.23744076490402222, 0.1593276858329773, 0.517236791886288, 1759176503113437165, 
0.13788515329360962, -0.15887236595153809, 0.49186893918195573, 1759176503143492795, 
-0.5336527228355408, 0.06705939769744873, 0.48788358639142004, 1759176503173653230, 
-0.32805025577545166, 0.0511857271194458, 0.4765087892143683, 1759176503205228773, 
-0.11275166273117065, -0.06518250703811646, 0.480517024879739, 1759176503236691024, 
-0.29088133573532104, 0.18191826343536377, 0.5411665075781958, 1759176503263705683, 
0.22890251874923706, -0.10855567455291748, 0.4995607337716038, 1759176503292727226, 
0.03519320487976074, 0.06461739540100098, 0.48642479873609334, 1759176503323767071, 
0.22243762016296387, 0.43220967054367065, 0.4985439285788609, 1759176503353869386, 
-0.0862162709236145, -0.14100605249404907, 0.5005690280989318, 1759176503383885993, 
-0.19978177547454834, 0.043219566345214844, 0.5144146586613988, 1759176503413951133, 
-0.08417505025863647, 0.24860090017318726, 0.48436820163130256, 1759176503445221451, 
-0.49479615688323975, -0.2472570538520813, 0.48732898277319314, 1759176503476733568, 
0.1347564458847046, 0.16424888372421265, 0.5597121409682541, 1759176503504175964, 
0.24264776706695557, 0.07841193675994873, 0.5101261021477045, 1759176503534155617, 
0.061582326889038086, -0.14679694175720215, 0.422132979846905, 1759176503557385680, 
-0.1722659468650818, 0.026750802993774414, 0.5343709485001625, 1759176503594473470, 
-0.17876237630844116, 0.24145323038101196, 0.49889409660005096, 1759176503624473590, 
-0.28499507904052734, 0.11152178049087524, 0.49589288722632835, 1759176503654341308, 
0.2460969090461731, -0.03447967767715454, 0.4793125396009922, 1759176503685382239, 
-0.023745834827423096, 0.06620866060256958, 0.4869580179899395, 1759176503717215883, 
0.2658153772354126, 0.21622073650360107, 0.554120258105381, 1759176503744600428, 
-0.4894237518310547, -0.10565537214279175, 0.4785861787839503, 1759176503774708232, 
0.09808802604675293, 0.004340052604675293, 0.49027819688399493, 1759176503804710912, 
-0.1699225902557373, 0.20140594244003296, 0.494861467965912, 1759176503834967354, 
-0.01403963565826416, -0.18688851594924927, 0.5260693299617745, 1759176503863740758, 
-0.17852848768234253, 0.29171818494796753, 0.4776594022595405, 1759176503894906737, 
0.24014616012573242, 0.07262742519378662, 0.4731413180116786, 1759176503925829570, 
-0.048346519470214844, -0.02208799123764038, 0.46700923269756517, 1759176503956729590, 
0.11574798822402954, 0.3037445545196533, 0.5174671323069506, 1759176503985210230, 
-0.031331539154052734, 0.10321998596191406, 0.5030129090324102, 1759176504014987272, 
0.02597832679748535, 0.11274462938308716, 0.5153851490650604, 1759176504044752180, 
0.3494207262992859, 0.18358629941940308, 0.5093072577343885, 1759176504074712702, 
-0.08809107542037964, -0.07550197839736938, 0.48211497694880984, 1759176504105670960, 
-0.2952537536621094, 0.26481878757476807, 0.5052722135600352, 1759176504134746319, 
0.005537211894989014, 0.004664063453674316, 0.4835330698938965, 1759176504166017241, 
0.12716388702392578, -0.07674813270568848, 0.4820181268048966, 1759176504197195701, 
-0.22019433975219727, 0.5365532040596008, 0.47000163807377876, 1759176504228172012, 
-0.22162377834320068, -0.27210700511932373, 0.5250573509825464, 1759176504256107559, 
-0.21593034267425537, 0.006416261196136475, 0.48721108403234004, 1759176504285847195, 
0.25198495388031006, 0.2536654472351074, 0.5052131064077217, 1759176504315797175, 
-0.2421455979347229, -0.004953265190124512, 0.5045007867232391, 1759176504345768560, 
0.3591327667236328, 0.1304832100868225, 0.5052550026159633, 1759176504375880987, 
-0.044547975063323975, 0.1696103811264038, 0.5269863191708479, 1759176504405874251, 
0.05014073848724365, 0.01821964979171753, 0.5003262074044246, 1759176504436728409, 
-0.08067655563354492, 0.11663013696670532, 0.4624617204553438, 1759176504469453111, 
-0.24443697929382324, 0.11316651105880737, 0.586745958087354, 1759176504495990081, 
0.03209543228149414, 0.2681924104690552, 0.5142222823744227, 1759176504525985696, 
-0.036454737186431885, -0.024612903594970703, 0.48100536874287214, 1759176504556061629, 
-0.17514538764953613, -0.01539158821105957, 0.49316041058279814, 1759176504586044788, 
-0.13258814811706543, 0.0972784161567688, 0.5136659240644496, 1759176504616087235, 
-0.25389808416366577, 0.21901988983154297, 0.524722264057189, 1759176504646096196, 
0.1994813084602356, 0.07628297805786133, 0.46698981435129466, 1759176504677391082, 
0.21738207340240479, 0.2313227653503418, 0.451001727832173, 1759176504708739732, 
-0.14802753925323486, -0.16824078559875488, 0.5284503266656916, 1759176504736184340, 
0.3856770992279053, 0.3653409481048584, 0.5100066716827583, 1759176504766213284, 
-0.2563019394874573, 0.32782262563705444, 0.5003234288324588, 1759176504796267512, 
0.02639549970626831, -0.14446043968200684, 0.48995650375947486, 1759176504826350784, 
0.10907894372940063, 0.12136352062225342, 0.4958029581972506, 1759176504856395210, 
-0.2931341528892517, 0.08255618810653687, 0.5014839483965438, 1759176504886426286, 
0.005575120449066162, 0.09749752283096313, 0.49647840081358563, 1759176504917223040, 
-0.05342763662338257, 0.09301930665969849, 0.46845420947377026, 1759176504949907938, 
0.11512917280197144, -0.0984920859336853, 0.5587578121320301, 1759176504986574266, 
-0.04612159729003906, 0.40269196033477783, 0.4964777726543362, 1759176505016623951, 
0.30530643463134766, 0.03547859191894531, 0.5016124747162204, 1759176505046673966, 
0.3863186240196228, 0.19051975011825562, 0.48559067288928326, 1759176505077983141, 
-0.06693422794342041, 0.3837677836418152, 0.4649646174739188, 1759176505109441203, 
0.08301103115081787, -0.08115863800048828, 0.5483493314957236, 1759176505136916156, 
0.01240760087966919, 0.0990210771560669, 0.4915626581953072, 1759176505157329954, 
0.22369790077209473, 0.4181963801383972, 0.4603812031304159, 1759176505189638924, 
-0.2522253394126892, -0.2090166211128235, 0.5290871054404341, 1759176505217146681, 
0.1379217505455017, 0.1547563672065735, 0.49261574862682606, 1759176505247039157, 
-0.008182883262634277, 0.2444080114364624, 0.4985859458285641, 1759176505277104881, 
-0.3033410906791687, -0.13256800174713135, 0.49458751256307565, 1759176505307472921, 
-0.1588466763496399, 0.2647833228111267, 0.5006047064380783, 1759176505337178258, 
0.14589214324951172, 0.12754696607589722, 0.501888630304234, 1759176505367252106, 
-0.1976315975189209, 0.109158456325531, 0.5137046848529038, 1759176505397618257, 
0.06385266780853271, 0.015710115432739258, 0.4911790768197407, 1759176505429219543, 
-0.09741640090942383, 0.11733990907669067, 0.5072269730975816, 1759176505459346575, 
-0.25602012872695923, 0.2181847095489502, 0.5208350224564419, 1759176505487855616, 
-0.12457197904586792, 0.2234586477279663, 0.5134609557650046, 1759176505516559586, 
0.47468364238739014, 0.2266395092010498, 0.4498586808515798, 1759176505538824219, 
-0.6748051047325134, 0.20208615064620972, 0.5016447299151269, 1759176505577572409, 
0.10226267576217651, -0.2329656481742859, 0.486318246825404, 1759176505607801814, 
0.21757668256759644, 0.3041647672653198, 0.4908304201572459, 1759176505637674802, 
-0.12440013885498047, 0.15089035034179688, 0.46301466609311664, 1759176505669206712, 
0.060587942600250244, -0.04345434904098511, 0.48927141504780614, 1759176505699808185, 
0.12202852964401245, 0.15907567739486694, 0.526500380270912, 1759176505737851894, 
-0.21443188190460205, -0.03128242492675781, 0.5008437258661658, 1759176505767945002, 
-0.48043882846832275, 0.2081119418144226, 0.49495193735082843, 1759176505797973018, 
-0.2307063341140747, -0.02009737491607666, 0.4611060734301259, 1759176505829419473, 
-0.0003261566162109375, -0.0956539511680603, 0.46848309405486926, 1759176505861999678, 
-0.6230137944221497, 0.08934032917022705, 0.5670992621263913, 1759176505888194213, 
0.014118552207946777, 0.01851433515548706, 0.5248053052967088, 1759176505918262173, 
0.014230608940124512, 0.10604053735733032, 0.5394280268913961, 1759176505948172559, 
-0.34097540378570557, 0.22548609972000122, 0.4990898932912994, 1759176505978216835, 
0.025780677795410156, 0.006292939186096191, 0.49515961952744525, 1759176506008333595, 
0.24637842178344727, 0.25065386295318604, 0.50027248227061, 1759176506038394821, 
-0.06055140495300293, -0.05816429853439331, 0.48578706657289394, 1759176506069203144, 
-0.31018704175949097, 0.25190889835357666, 0.47571767317978797, 1759176506101682606, 
0.2947670817375183, 0.2037034034729004, 0.5595668907115504, 1759176506128597229, 
-0.4726574420928955, -0.26476454734802246, 0.4828420467169937, 1759176506158529741, 
-0.2819814682006836, 0.2015872597694397, 0.49395491527283425, 1759176506188690585, 
-0.16225457191467285, 0.09341955184936523, 0.5024605445048875, 1759176506218624985, 
0.25018930435180664, -0.281552791595459, 0.5247828154143889, 1759176506247748841, 
-0.5450780391693115, 0.31785643100738525, 0.46846815616907944, 1759176506278949439, 
0.12880754470825195, -0.19856929779052734, 0.4895707021650143, 1759176506309606633, 
0.04093766212463379, 0.17843133211135864, 0.4897329377353083, 1759176506341273105, 
-0.5145055055618286, 0.28321439027786255, 0.554904204191829, 1759176506368984290, 
0.5190483927726746, 0.34150534868240356, 0.5051120131554682, 1759176506398971192, 
-0.018979191780090332, -0.025078237056732178, 0.4884373122163579, 1759176506428998727, 
-0.1854006052017212, -0.030402779579162598, 0.5110143623898575, 1759176506459042686, 
-0.2035747766494751, -0.029613077640533447, 0.5162438113462774, 1759176506489270126, 
0.03370821475982666, 0.28568124771118164, 0.4949644051065371, 1759176506519269713, 
-0.2982352375984192, 0.022106409072875977, 0.4744182834574678, 1759176506549688251, 
-0.5010570287704468, -0.0942620038986206, 0.4562009142531343, 1759176506581357975, 
-0.28856468200683594, 0.19441694021224976, 0.5100033045218201, 1759176506609401313, 
0.27490097284317017, -0.055972158908843994, 0.48995486867322224, 1759176506639557685, 
-0.4284452199935913, 0.2637902498245239, 0.4903483105581914, 1759176506669509654, 
0.14971131086349487, 0.02290278673171997, 0.49853403787492867, 1759176506699665931, 
0.000985264778137207, -0.020342767238616943, 0.5229456227117493, 1759176506729494563, 
-0.29871082305908203, 0.37702637910842896, 0.49858044642559934, 1759176506759554262, 
0.25582319498062134, 0.10546791553497314, 0.5237322094799728, 1759176506788588548, 
0.2184627652168274, -0.08414936065673828, 0.4691842395509615, 1759176506821435231, 
-0.1655595898628235, 0.4386652708053589, 0.4974603176090763, 1759176506852361033, 
-0.2212456464767456, 0.20924890041351318, 0.568051598035695, 1759176506889776506, 
0.43363630771636963, 0.456607460975647, 0.501183139161714, 1759176506919847179, 
-0.21322733163833618, -0.32427579164505005, 0.4971012331635759, 1759176506949936711, 
0.1375252604484558, 0.30671244859695435, 0.482392879549558, 1759176506981878425, 
0.29102855920791626, 0.38639771938323975, 0.4631952079648306, 1759176507013586748, 
-0.547616183757782, -0.2586818337440491, 0.5375374123616696, 1759176507050151254, 
-0.02742689847946167, 0.0890854001045227, 0.47734170520401004, 1759176507080348029, 
-0.07262623310089111, 0.11712950468063354, 0.47259566032874806, 1759176507111038789, 
0.12517166137695312, 0.4236559271812439, 0.49336102231519985, 1759176507141485814, 
-0.07923036813735962, 0.010109245777130127, 0.4622680360795086, 1759176507173138282, 
0.23692768812179565, 0.09614235162734985, 0.5323036136674978, 1759176507200915210, 
-0.3216288685798645, -0.050163209438323975, 0.497804410694284, 1759176507230976665, 
-0.5253439545631409, 0.38706862926483154, 0.5171893942678536, 1759176507260943264, 
0.7255951762199402, 0.04180741310119629, 0.5158704228225017, 1759176507290958753, 
-0.6388923525810242, 0.11174595355987549, 0.48725888989784066, 1759176507320948987, 
0.05136370658874512, -0.3706756830215454, 0.5020853952947748, 1759176507351057587, 
-0.12766915559768677, 0.3897666931152344, 0.500528929973347, 1759176507381371542, 
-0.23477762937545776, 0.139806866645813, 0.45585527643505774, 1759176507413656564, 
-0.15264183282852173, -0.10195618867874146, 0.529435587955845, 1759176507440975939, 
0.003378450870513916, 0.2145494818687439, 0.4800984834209685, 1759176507471015119, 
0.378484845161438, 0.03697824478149414, 0.5122740781770226, 1759176507501117055, 
-0.257499098777771, 0.34962862730026245, 0.5015260840725997, 1759176507531128923, 
0.5195581316947937, 0.10890918970108032, 0.492948152582258, 1759176507561179404, 
-0.10120278596878052, -0.06985980272293091, 0.5037100945965831, 1759176507591228606, 
0.12439841032028198, 0.3236907720565796, 0.4846946248078755, 1759176507621698848, 
-0.3259531259536743, 0.03963971138000488, 0.45765198406611135, 1759176507653968029, 
0.05302107334136963, -0.1266993284225464, 0.560135219533229, 1759176507681353190, 
-0.3294559717178345, 0.4986575245857239, 0.4980968307813177, 1759176507711277833, 
-0.2581825256347656, -0.32251232862472534, 0.49837435014094505, 1759176507741257235, 
-0.24617868661880493, -0.05293053388595581, 0.5055320659530906, 1759176507771242842, 
0.2792261838912964, 0.2628072500228882, 0.5171337054957978, 1759176507801306158, 
-0.44400590658187866, -0.0339694619178772, 0.5158775031294772, 1759176507831372080, 
0.2588878870010376, 0.12784236669540405, 0.4943879314728244, 1759176507861460377, 
0.0749281644821167, 0.12446576356887817, 0.45805078793563875, 1759176507893586756, 
-0.3137657046318054, 0.019738495349884033, 0.5385421712692029, 1759176507921597687, 
0.12061738967895508, 0.36425697803497314, 0.4887083742657039, 1759176507951992099, 
0.0641748309135437, 0.04313927888870239, 0.512216298001019, 1759176507981632986, 
0.11596643924713135, -0.011180460453033447, 0.4632957054885875, 1759176508003324709, 
-0.06336784362792969, 0.0378342866897583, 0.5035212963252129, 1759176508041967416, 
0.023492813110351562, -0.08479517698287964, 0.5100284275943751, 1759176508071757994, 
-0.6095563173294067, 0.42634379863739014, 0.49711771063376137, 1759176508101929378, 
-0.25606805086135864, 0.031932532787323, 0.4872580223359228, 1759176508133999360, 
0.08566796779632568, -0.06954699754714966, 0.49595082598818563, 1759176508164356234, 
0.08502459526062012, 0.3473173975944519, 0.5329154235479187, 1759176508191992913, 
-0.23178011178970337, -0.22971177101135254, 0.5002538447341054, 1759176508221997846, 
0.13172578811645508, 0.2463376522064209, 0.5149131598777235, 1759176508252073193, 
-0.10288554430007935, 0.3272499442100525, 0.4954251812789907, 1759176508282157000, 
-0.060814499855041504, -0.16615253686904907, 0.4990604667698117, 1759176508312295562, 
0.09361851215362549, 0.25442272424697876, 0.5001316509162615, 1759176508342272512, 
-0.07922810316085815, 0.18491744995117188, 0.46933873885866795, 1759176508373548015, 
0.011420965194702148, -0.01789259910583496, 0.4713648338580165, 1759176508405402955, 
0.032658398151397705, 0.1861271858215332, 0.555104250822208, 1759176508432775851, 
0.07811611890792847, -0.02903270721435547, 0.5115588969799151, 1759176508462455705, 
-0.23044675588607788, 0.22935974597930908, 0.4849886506972261, 1759176508492625686, 
-0.3504999279975891, 0.007871150970458984, 0.5027133773510052, 1759176508521778749, 
-0.33380627632141113, -0.15212267637252808, 0.4882137896771083, 1759176508552678028, 
0.3424469232559204, 0.272441565990448, 0.5142905829767069, 1759176508582656018, 
-0.351381778717041, 0.003587007522583008, 0.47450845931754415, 1759176508613607233, 
0.17584317922592163, -0.03295862674713135, 0.46011264962642723, 1759176508645925347, 
0.10904115438461304, 0.42406827211380005, 0.5443506271688587, 1759176508673048945, 
0.021401584148406982, 0.14608752727508545, 0.5042689282059468, 1759176508703159761, 
0.2639728784561157, 0.2234654426574707, 0.5119911340571561, 1759176508733016779, 
-0.11849868297576904, -0.0971100926399231, 0.5025574887181812, 1759176508763093013, 
-0.26381945610046387, 0.10972464084625244, 0.49960351549113263, 1759176508793014314, 
-0.07841718196868896, 0.2327525019645691, 0.4946497237579947, 1759176508823272268, 
0.22665637731552124, -0.13912564516067505, 0.5069770007450873, 1759176508853975988, 
-0.0003350377082824707, 0.38762086629867554, 0.48260194825351915, 1759176508884747549, 
0.2836117148399353, -0.03156918287277222, 0.5173884084540565, 1759176508913323675, 
0.16012132167816162, 0.008228898048400879, 0.5073266187052544, 1759176508943272426, 
0.2200380563735962, 0.38033610582351685, 0.4910243730873512, 1759176508973306587, 
-0.10751569271087646, 0.3497830033302307, 0.4552855448271183, 1759176509003334452, 
0.19742506742477417, -0.11335337162017822, 0.461426162359499, 1759176509033357009, 
-0.26993662118911743, 0.22760438919067383, 0.49286905463191744, 1759176509063470412, 
0.029239118099212646, -0.09452533721923828, 0.5102577184679135, 1759176509094214828, 
0.16624897718429565, 0.17966854572296143, 0.5042935130124547, 1759176509125784543, 
0.12241101264953613, 0.054774701595306396, 0.5087081985481162, 1759176509155859150, 
-0.19017678499221802, 0.17162710428237915, 0.528335649073442, 1759176509193641371, 
-0.2449663281440735, 0.17070841789245605, 0.48439036420071874, 1759176509223771365, 
0.24949967861175537, -0.013224780559539795, 0.49949992218675077, 1759176509253880678, 
-0.30197441577911377, 0.31050342321395874, 0.47745799177508796, 1759176509286108349, 
0.08220499753952026, -0.012441396713256836, 0.49034615028227874, 1759176509316480537, 
0.423767626285553, -0.04532217979431152, 0.5458170937128786, 1759176509344033105, 
-0.6536904573440552, 0.07384252548217773, 0.487091286286759, 1759176509373962937, 
-0.005814671516418457, 0.050566017627716064, 0.49435874185111767, 1759176509404248972, 
-0.020520269870758057, -0.05695927143096924, 0.4996630247375963, 1759176509434040719, 
-0.6450414061546326, -0.053062260150909424, 0.47582181430237175, 1759176509464111666, 
0.17061948776245117, -0.07078516483306885, 0.49693112424777147, 1759176509494142940, 
0.059606730937957764, 0.30261993408203125, 0.4705536014167169, 1759176509525641590, 
0.08395588397979736, -0.07687646150588989, 0.4586606557602915, 1759176509557957763, 
-0.03919631242752075, 0.4260084629058838, 0.553407725003152, 1759176509584399079, 
0.005267679691314697, 0.13563412427902222, 0.5069191596739856, 1759176509614444054, 
-0.10744577646255493, -0.05601531267166138, 0.5124758865528926, 1759176509644537589, 
-0.18717187643051147, 0.44482576847076416, 0.5032433504873954, 1759176509674595614, 
-0.015751659870147705, -0.019613027572631836, 0.5071790241751782, 1759176509704555631, 
0.2871793508529663, -0.2461419701576233, 0.5235224054742472, 1759176509733738847, 
-0.5217263698577881, 0.2848285436630249, 0.4614680007943424, 1759176509765537020, 
-0.22432857751846313, -0.143621027469635, 0.4720994870382131, 1759176509798117544, 
0.0715375542640686, 0.0028189420700073242, 0.585722819364679, 1759176509824793506, 
-0.651313304901123, 0.09056925773620605, 0.5360226245030284, 1759176509853995665, 
0.576565682888031, 0.373309850692749, 0.5076593978222266, 1759176509884936624, 
0.13244140148162842, -0.01976919174194336, 0.47563324516816335, 1759176509914939216, 
-0.003409087657928467, 0.08496677875518799, 0.4859534150950511, 1759176509944969728, 
-0.24654102325439453, -0.18444842100143433, 0.5009135635383277, 1759176509974977540, 
0.11424922943115234, 0.4175538420677185, 0.4833004089834634, 1759176510006064909, 
0.032396912574768066, 0.09875160455703735, 0.4780476711620993, 1759176510037436146, 
-0.4388776421546936, -0.11413007974624634, 0.5333111899996914, 1759176510065223286, 
-0.1132921576499939, 0.32996922731399536, 0.48470865070678953, 1759176510095179915, 
0.18100833892822266, 0.06636184453964233, 0.42064292754722366, 1759176510118564535, 
-0.7184483408927917, 0.09774267673492432, 0.5374151317783388, 1759176510156356638, 
0.19613629579544067, 0.014941632747650146, 0.5362493582622855, 1759176510186065855, 
-0.09004336595535278, -0.18415457010269165, 0.517648158664267, 1759176510216167738, 
-0.5120982527732849, 0.23970556259155273, 0.4866442962487321, 1759176510246127147, 
0.2743093967437744, 0.11599200963973999, 0.471552355443928, 1759176510277635950, 
0.08638966083526611, 0.16736161708831787, 0.48937903909825925, 1759176510308399033, 
-0.006294548511505127, 0.009022653102874756, 0.5140948078165338, 1759176510336426834, 
-0.23258239030838013, 0.15985918045043945, 0.5137539138346955, 1759176510366197474, 
0.12849032878875732, 0.2548229694366455, 0.5122519344234618, 1759176510396097101, 
-0.47512227296829224, -0.12426477670669556, 0.48686256066150235, 1759176510426162100, 
0.0007500648498535156, 0.29932618141174316, 0.5131128018205979, 1759176510456287461, 
-0.022654056549072266, 0.16987013816833496, 0.48671939461593117, 1759176510486199158, 
0.4097030758857727, -0.07914549112319946, 0.4615193467855403, 1759176510517541131, 
-0.1473734974861145, 0.4405326843261719, 0.4744606498634763, 1759176510548587060, 
0.1943712830543518, 0.13959038257598877, 0.5289428673141826, 1759176510576196619, 
0.42192184925079346, 0.15392011404037476, 0.4882902731699487, 1759176510606361299, 
-0.637310266494751, 0.2714437246322632, 0.42486619594468106, 1759176510629686865, 
0.36898738145828247, -0.013826072216033936, 0.5805864904098462, 1759176510656352834, 
-0.032298386096954346, 0.03555983304977417, 0.535234973997561, 1759176510686432417, 
-0.10772615671157837, 0.34882616996765137, 0.5166027928389958, 1759176510716363196, 
0.18825936317443848, 0.19664490222930908, 0.49774973848422366, 1759176510746457280, 
0.06264257431030273, -0.15185463428497314, 0.48967124667460465, 1759176510776388219, 
-0.40332382917404175, 0.23206984996795654, 0.49439319950399463, 1759176510806421600, 
-0.31404244899749756, -0.3021479845046997, 0.4801070450518635, 1759176510837661530, 
-0.2564031481742859, 0.24384284019470215, 0.46467093666924064, 1759176510869785955, 
0.42330503463745117, 0.051547467708587646, 0.5289864713144831, 1759176510906514556, 
-0.040914297103881836, 0.3034580945968628, 0.48142143397018106, 1759176510936584797, 
0.33050644397735596, 0.2828393578529358, 0.49930563202531836, 1759176510966637566, 
0.4066876173019409, 0.09192049503326416, 0.4920849549919199, 1759176510997561114, 
-0.21044617891311646, 0.41208750009536743, 0.45475737449157627, 1759176511029928932, 
0.47102487087249756, 0.026366829872131348, 0.5697275588136242, 1759176511056939194, 
-0.174932599067688, 0.05853968858718872, 0.5217477166833565, 1759176511086924310, 
-0.1626458764076233, 0.2912202477455139, 0.494300524519858, 1759176511117084047, 
-0.3043885827064514, -0.006271481513977051, 0.5032889995110563, 1759176511146992383, 
0.4369637966156006, -0.14954876899719238, 0.51126179993769, 1759176511177021827, 
-0.3227264881134033, 0.13695770502090454, 0.4889733461469047, 1759176511207081174, 
-0.05667293071746826, 0.033193767070770264, 0.4779922132503179, 1759176511238150685, 
0.09941774606704712, 0.23332500457763672, 0.4592706264892477, 1759176511270098887, 
0.16627264022827148, -0.09692096710205078, 0.5608369085079703, 1759176511297279732, 
-0.013317406177520752, 0.6234712600708008, 0.5063339008590507, 1759176511327374150, 
0.3788337707519531, 0.33131879568099976, 0.4910396646250967, 1759176511357523004, 
0.1986493468284607, -0.15306204557418823, 0.5020689270349266, 1759176511387301192, 
-0.09264147281646729, 0.37347954511642456, 0.5086089434855094, 1759176511416739715, 
-0.5801283121109009, -0.019617021083831787, 0.4629522991193546, 1759176511447661547, 
-1.429115653038025, -0.27163374423980713, 0.4084966520440222, 1759176511477716275, 
-0.8105790019035339, 0.015735328197479248, 0.3032809737385826, 1759176511509938735, 
-0.4832971692085266, 0.13361984491348267, 0.2666365704815016, 1759176511539895996, 
-0.4637804627418518, -0.22128939628601074, 0.22723924795514058, 1759176511567706608, 
-0.7094203233718872, -0.13782048225402832, 0.17640775998100622, 1759176511596909139, 
-0.7797667384147644, -0.05538129806518555, 0.11857283169524552, 1759176511628032869, 
-0.3568928837776184, -0.14840126037597656, 0.04309270119053775, 1759176511657909441, 
-0.24513792991638184, -0.012962579727172852, -0.03611026652597287, 1759176511686842410, 
0.2234114408493042, -0.12452727556228638, -0.0008333939546430945, 1759176511717919013, 
1.19950532913208, 0.3780250549316406, 0.05785878643415475, 1759176511749509949, 
1.1303869485855103, 0.030803918838500977, 0.14074621802339415, 1759176511780476906, 
0.715700626373291, 0.05180680751800537, 0.18135727583111477, 1759176511808177231, 
0.9095691442489624, -0.21756064891815186, 0.21372474898570812, 1759176511830189585, 
0.3038715720176697, 0.30494099855422974, 0.27917891429518243, 1759176511861192049, 
0.2831398844718933, 0.08648097515106201, 0.35692829752948857, 1759176511898390001, 
0.7554864883422852, -0.1753717064857483, 0.3908094216056436, 1759176511928564542, 
0.9061863422393799, 0.41324108839035034, 0.4394358793218359, 1759176511958366383, 
0.41158753633499146, 0.07654273509979248, 0.4563793290159837, 1759176511989510594, 
-0.5084879398345947, 0.022796273231506348, 0.5151950813057078, 1759176512020756978, 
-0.07460838556289673, 0.3178502321243286, 0.5821140986063674, 1759176512058520293, 
-0.2272760272026062, -0.11373007297515869, 0.5068653917627636, 1759176512088667400, 
0.39260274171829224, 0.16470861434936523, 0.4859498769186325, 1759176512118722750, 
-0.07506346702575684, 0.0868077278137207, 0.44961700173414004, 1759176512150041397, 
-0.003432035446166992, 0.028400778770446777, 0.47768203212958094, 1759176512181927418, 
0.09919768571853638, 0.285908579826355, 0.5921759839775512, 1759176512208950689, 
0.05031466484069824, -0.15153038501739502, 0.5122051016811567, 1759176512238771399, 
-0.28063124418258667, 0.3002256155014038, 0.49269991876788627, 1759176512268822711, 
-0.40516626834869385, -0.08076626062393188, 0.5170510697461067, 1759176512298103778, 
-0.1510191559791565, -0.266698956489563, 0.4811892932455135, 1759176512329116484, 
0.024360477924346924, 0.6770827770233154, 0.4910394545323918, 1759176512359203183, 
-0.30559051036834717, -0.27932965755462646, 0.4858692679576847, 1759176512389613028, 
0.1228567361831665, -0.0008652806282043457, 0.46955573046576204, 1759176512421698390, 
0.42423516511917114, 0.617401123046875, 0.5348011675381861, 1759176512449157596, 
-0.4510711431503296, -0.18378430604934692, 0.48008497504541153, 1759176512479335225, 
0.1846410632133484, 0.07373052835464478, 0.4872171018676853, 1759176512509320324, 
-0.13691753149032593, 0.3569662570953369, 0.5193509537374202, 1759176512539336678, 
0.10561615228652954, -0.16063851118087769, 0.5210671943020982, 1759176512569705214, 
0.011999309062957764, 0.17908984422683716, 0.4936724206563255, 1759176512599612775, 
0.16749858856201172, -0.10661333799362183, 0.4954747298113028, 1759176512629569894, 
-0.16040170192718506, 0.24226641654968262, 0.4550340108683875, 1759176512662027048, 
-0.23729020357131958, 0.09978896379470825, 0.5147700481356137, 1759176512689513885, 
-0.5780789256095886, -0.24926722049713135, 0.4839133926180031, 1759176512719597441, 
0.37074339389801025, 0.08739465475082397, 0.5475107677957753, 1759176512748726614, 
-0.5167812705039978, 0.26144105195999146, 0.49056540361319373, 1759176512779987385, 
0.5722225308418274, 0.09398716688156128, 0.5080392943821704, 1759176512809764781, 
-0.01869964599609375, -0.14401239156723022, 0.5074335599012402, 1759176512870039468, 
0.1711125373840332, 0.3233755826950073, 0.48849225746579045, 1759176512901621771, 
-0.34105879068374634, 0.2862131595611572, 0.4812491750050568, 1759176512932544317, 
0.37227684259414673, -0.12059032917022705, 0.5415909708791017, 1759176512960069227, 
-0.17582839727401733, 0.11784398555755615, 0.4805587770737679, 1759176512990045644, 
-0.14893615245819092, 0.04898422956466675, 0.46903669262203757, 1759176513020107610, 
-0.15734636783599854, -0.01287466287612915, 0.4829436402319142, 1759176513050145383, 
-0.6029697060585022, 0.004129469394683838, 0.49691233691566555, 1759176513080205216, 
0.19841307401657104, 0.1432446837425232, 0.49959095990098323, 1759176513110424345, 
0.15070825815200806, -0.21298956871032715, 0.47005648087646856, 1759176513142150851, 
-0.28829872608184814, 0.025417089462280273, 0.45222832253108786, 1759176513174378177, 
0.12137401103973389, 0.16382324695587158, 0.5895705979381844, 1759176513200482247, 
0.23355001211166382, 0.41145235300064087, 0.5129958464337667, 1759176513230478580, 
-0.42998361587524414, 0.015190303325653076, 0.4068106082161592, 1759176513254309734, 
0.1385819911956787, -0.020570039749145508, 0.5655176488349098, 1759176513290574076, 
0.0850827693939209, 0.5208204388618469, 0.5173696303394794, 1759176513320628914, 
-0.11162126064300537, -0.17967623472213745, 0.5112704913244941, 1759176513350670615, 
-0.13451790809631348, 0.041520535945892334, 0.485716374947222, 1759176513381591411, 
-0.06594747304916382, 0.10214269161224365, 0.46357566835334163, 1759176513413689284, 
-0.055171847343444824, -0.11432307958602905, 0.544611927795168, 1759176513440956495, 
0.2909098267555237, 0.4047905206680298, 0.48672693567381065, 1759176513471190765, 
0.17287421226501465, -0.03235656023025513, 0.508349956050488, 1759176513501104158, 
0.05081832408905029, 0.26261764764785767, 0.5171417937032069, 1759176513531131924, 
-0.23912906646728516, -0.28612780570983887, 0.48132400043245294, 1759176513591030016, 
-0.267259418964386, 0.08198493719100952, 0.47258564730438696, 1759176513622882040, 
-0.09766930341720581, 0.3467094898223877, 0.4986018079273529, 1759176513653827076, 
0.16976583003997803, -0.28012049198150635, 0.5556947054635608, 1759176513681356223, 
-0.37744414806365967, 0.22822338342666626, 0.49299317177090013, 1759176513711282771, 
-0.06020325422286987, -0.29989123344421387, 0.49700133590853074, 1759176513741342260, 
0.12185007333755493, 0.41380131244659424, 0.5021073956452887, 1759176513771373018, 
0.16385722160339355, 0.14190280437469482, 0.4889861106700094, 1759176513801471116, 
0.09100031852722168, -0.2936747074127197, 0.504090020330227, 1759176513831445060, 
0.38280290365219116, 0.44473880529403687, 0.513827717940381, 1759176513860720958, 
0.2053655982017517, -0.024165451526641846, 0.45259100303943095, 1759176513893764911, 
-0.0406646728515625, 0.06857877969741821, 0.5505707348970513, 1759176513921647811, 
-0.06428629159927368, 0.482913076877594, 0.4967038553944086, 1759176513951674629, 
0.13312757015228271, -0.269816517829895, 0.5192682029777962, 1759176513980714889, 
-0.16394823789596558, 0.26504844427108765, 0.4726610884267383, 1759176514011766465, 
-0.06612032651901245, 0.05799853801727295, 0.45548340171445933, 1759176514042168111, 
-0.019238531589508057, -0.230474591255188, 0.48605705897125157, 1759176514072048439, 
-0.3445417284965515, 0.4381530284881592, 0.5049230211847225, 1759176514101983314, 
0.01870906352996826, -0.09318733215332031, 0.4727487852312854, 1759176514134180541, 
-0.00482332706451416, 0.0072432756423950195, 0.5196182630395328, 1759176514164557728, 
0.25965940952301025, 0.4511556625366211, 0.5516710085072725, 1759176514192128214, 
0.030183613300323486, -0.15577799081802368, 0.5125539716598208, 1759176514222126951, 
0.4358261823654175, 0.21220266819000244, 0.5165451905906752, 1759176514252346215, 
0.061054766178131104, 0.3267073631286621, 0.4975039048719881, 1759176514282209555, 
0.006724536418914795, -0.23689985275268555, 0.4990519670670402, 1759176514312280300, 
-0.13865530490875244, 0.29551011323928833, 0.5012312637789076, 1759176514342358164, 
0.07470560073852539, 0.020715296268463135, 0.4773198430752107, 1759176514374061324, 
-0.3540041446685791, 0.15610849857330322, 0.4784908781743625, 1759176514405842940, 
0.0527762770652771, -0.06800895929336548, 0.5603903801434786, 1759176514432596408, 
0.11472153663635254, -0.13155978918075562, 0.5063283158363271, 1759176514462476333, 
-0.1575351357460022, 0.20893627405166626, 0.5051345527041504, 1759176514492620069, 
-0.25708043575286865, 0.10965311527252197, 0.501091070706817, 1759176514521799020, 
0.3014376163482666, 0.09009313583374023, 0.4584168661922003, 1759176514552709123, 
0.1088789701461792, 0.2472217082977295, 0.5150224744516068, 1759176514581740340, 
0.3557763695716858, -0.17307716608047485, 0.46301184190311345, 1759176514614248544, 
0.11985921859741211, 0.27904462814331055, 0.47559330393602023, 1759176514646201988, 
0.24424511194229126, 0.2549439072608948, 0.5673122361944621, 1759176514673018184, 
0.06349831819534302, -0.11082053184509277, 0.4947987013122779, 1759176514702944819, 
-0.23297393321990967, 0.09008920192718506, 0.5068536985229324, 1759176514732200925, 
0.1788160800933838, 0.0360756516456604, 0.5058228640391453, 1759176514762029093, 
-0.32056188583374023, -0.03360259532928467, 0.4739901476755932, 1759176514793204434, 
-0.07656055688858032, 0.11731821298599243, 0.4966044852023254, 1759176514823364188, 
0.06427299976348877, -0.1003798246383667, 0.5165437042598348, 1759176514853855500, 
