x, y, th, stamp, 
-0.42447397112846375, -12.445335388183594, -1.6994406763745318, 1759176327277398040, 
-0.42447397112846375, -12.445335388183594, -1.6994406763745318, 1759176327326254230, 
-0.42447397112846375, -12.445335388183594, -1.6994406763745318, 1759176327375720199, 
-0.42447397112846375, -12.445335388183594, -1.699440881420789, 1759176327428390488, 
-0.4244654178619385, -12.44534683227539, -1.699440881420789, 1759176327466044765, 
-0.4249110817909241, -12.447762489318848, -1.6984165815479353, 1759176327515722790, 
-0.42596539855003357, -12.455202102661133, -1.69799353227743, 1759176327586932073, 
-0.42672058939933777, -12.461621284484863, -1.6980895264290135, 1759176327626628694, 
-0.42793506383895874, -12.471358299255371, -1.6971558404770921, 1759176327676128600, 
-0.4295191168785095, -12.483360290527344, -1.6971558404770921, 1759176327726255888, 
-0.4313509166240692, -12.497767448425293, -1.6973375013426346, 1759176327775946321, 
-0.43335428833961487, -12.514298439025879, -1.6986540693514847, 1759176327827070287, 
-0.4354225993156433, -12.529169082641602, -1.6986540693514847, 1759176327867153803, 
-0.43806928396224976, -12.549598693847656, -1.69964813740742, 1759176327915742372, 
-0.44213536381721497, -12.580465316772461, -1.6983144249688706, 1759176327987602209, 
-0.44424477219581604, -12.59873104095459, -1.6964219676001926, 1759176328027118497, 
-0.44693723320961, -12.62105655670166, -1.6952978069247688, 1759176328075957089, 
-0.4496488571166992, -12.64318561553955, -1.6943460422720513, 1759176328125963172, 
-0.452208936214447, -12.665929794311523, -1.6948673951230502, 1759176328175958492, 
-0.45496395230293274, -12.688210487365723, -1.6949810330896584, 1759176328226263486, 
-0.4571923613548279, -12.706571578979492, -1.6954847856526527, 1759176328267532188, 
-0.4610692262649536, -12.738020896911621, -1.6955080003431808, 1759176328335884319, 
-0.46407926082611084, -12.760025978088379, -1.6953518056478862, 1759176328385990610, 
-0.466198593378067, -12.778228759765625, -1.6963458906348508, 1759176328426986013, 
-0.468872606754303, -12.800378799438477, -1.6963458906348508, 1759176328475954830, 
-0.4716186821460724, -12.822957038879395, -1.6963458906348508, 1759176328525974214, 
-0.47439366579055786, -12.845491409301758, -1.6949919187191744, 1759176328576090559, 
-0.47725236415863037, -12.868026733398438, -1.6949913827791294, 1759176328627324230, 
-0.4794333875179291, -12.885851860046387, -1.694991204132717, 1759176328668026236, 
-0.48319926857948303, -12.917156219482422, -1.6951260502544325, 1759176328735910784, 
-0.48495757579803467, -12.930805206298828, -1.6951260502544325, 1759176328766110051, 
-0.4883745312690735, -12.957740783691406, -1.6954286221291461, 1759176328826157410, 
-0.49122411012649536, -12.980119705200195, -1.6954286221291461, 1759176328876032935, 
-0.4938576817512512, -13.002434730529785, -1.6954286221291461, 1759176328925978140, 
-0.49671751260757446, -13.024852752685547, -1.6949475185482599, 1759176328975958382, 
-0.49968060851097107, -13.047118186950684, -1.6949537556006005, 1759176329027075815, 
-0.5016064643859863, -13.065291404724121, -1.6948429211775606, 1759176329065983630, 
-0.5054281949996948, -13.096902847290039, -1.693311399603507, 1759176329135996150, 
-0.5082418322563171, -13.118799209594727, -1.6933110316575892, 1759176329186549998, 
-0.5105209946632385, -13.136870384216309, -1.6933108531413732, 1759176329226028488, 
-0.5133592486381531, -13.159059524536133, -1.6939083778780804, 1759176329276064918, 
-0.5158608555793762, -13.181982040405273, -1.694634195841495, 1759176329326190080, 
-0.5187599658966064, -13.204229354858398, -1.6937828219033155, 1759176329377122714, 
-0.5212402939796448, -13.226384162902832, -1.6930892855438848, 1759176329427052966, 
-0.523479700088501, -13.244409561157227, -1.6925210792696366, 1759176329466064450, 
-0.5261242985725403, -13.266703605651855, -1.6925210792696366, 1759176329516530491, 
-0.5288581252098083, -13.28947639465332, -1.6921326056478854, 1759176329566141272, 
-0.5318777561187744, -13.316436767578125, -1.691571076130394, 1759176329627505571, 
-0.5347575545310974, -13.338794708251953, -1.690969586683329, 1759176329676503935, 
-0.5374217629432678, -13.361045837402344, -1.690969586683329, 1759176329726135869, 
-0.5402424931526184, -13.383343696594238, -1.692060305618606, 1759176329776009066, 
-0.5429443717002869, -13.406119346618652, -1.692833177568237, 1759176329828068708, 
-0.5453765988349915, -13.424409866333008, -1.6929626656739718, 1759176329865971141, 
-0.5479736328125, -13.446525573730469, -1.692335284036598, 1759176329916061121, 
-0.5507482290267944, -13.468927383422852, -1.691717942929011, 1759176329966441793, 
-0.5539301037788391, -13.495962142944336, -1.6912302848262875, 1759176330026293552, 
-0.5566197037696838, -13.518211364746094, -1.6912302848262875, 1759176330075982918, 
-0.5592401027679443, -13.540949821472168, -1.6905955740490588, 1759176330125972196, 
-0.5620388388633728, -13.563138961791992, -1.6895312054403089, 1759176330175995895, 
-0.564400315284729, -13.583633422851562, -1.6896229159510143, 1759176330222399495, 
-0.5678707957267761, -13.6126070022583, -1.6901799368809622, 1759176330285849924, 
-0.5694568157196045, -13.625900268554688, -1.6907493894901775, 1759176330315774564, 
-0.5731354355812073, -13.656194686889648, -1.690874320067998, 1759176330382723157, 
-0.5753694772720337, -13.675241470336914, -1.6898650270729603, 1759176330427182824, 
-0.5778571963310242, -13.697980880737305, -1.6882602813347503, 1759176330476149852, 
-0.5804895758628845, -13.720314979553223, -1.6882602813347503, 1759176330526002874, 
-0.5832354426383972, -13.742813110351562, -1.6880712186834315, 1759176330577232208, 
-0.5857058763504028, -13.764030456542969, -1.6883810715206398, 1759176330623124197, 
-0.5880166888237, -13.783258438110352, -1.6883810715206398, 1759176330666247454, 
-0.5907673239707947, -13.805949211120605, -1.6877836503779458, 1759176330715811208, 
-0.5934615135192871, -13.828347206115723, -1.6882299477195493, 1759176330766562319, 
-0.5967931151390076, -13.85531234741211, -1.688679372075735, 1759176330826876094, 
-0.5991045832633972, -13.877596855163574, -1.6900354860420952, 1759176330877113082, 
-0.60200035572052, -13.90048885345459, -1.689323617233006, 1759176330926017163, 
-0.6044964790344238, -13.922683715820312, -1.6877957497519798, 1759176330977996802, 
-0.6070320010185242, -13.943684577941895, -1.6875383700612858, 1759176331023379626, 
-0.6092197895050049, -13.963255882263184, -1.6873969015067407, 1759176331066020435, 
-0.6130536198616028, -13.994524955749512, -1.687752867130526, 1759176331138314295, 
-0.6144983172416687, -14.008319854736328, -1.687752867130526, 1759176331166373194, 
-0.6175767779350281, -14.035183906555176, -1.687749598953735, 1759176331226919039, 
-0.6201911568641663, -14.057977676391602, -1.6877418736794876, 1759176331276152179, 
-0.6229838132858276, -14.079951286315918, -1.6872340996984148, 1759176331326016561, 
-0.6254092454910278, -14.101016998291016, -1.6873874482513052, 1759176331374058393, 
-0.6281953454017639, -14.123613357543945, -1.6857684151522345, 1759176331424144687, 
-0.630471408367157, -14.142948150634766, -1.6855068709606595, 1759176331466796111, 
-0.6327974200248718, -14.165468215942383, -1.6844540318927599, 1759176331516312458, 
-0.6361497640609741, -14.195443153381348, -1.6834516326616005, 1759176331583772602, 
-0.6377786993980408, -14.209047317504883, -1.6834768900906392, 1759176331614387398, 
-0.640805184841156, -14.237195014953613, -1.6841823395206779, 1759176331675998410, 
-0.643513560295105, -14.259602546691895, -1.6842805352624106, 1759176331727102173, 
-0.6459058523178101, -14.281488418579102, -1.6854326965782285, 1759176331775174808, 
-0.6487029790878296, -14.30426025390625, -1.6848639487007717, 1759176331825302168, 
-0.6507917642593384, -14.322176933288574, -1.684957504160686, 1759176331867020753, 
-0.6532727479934692, -14.344582557678223, -1.6846916298343286, 1759176331917635439, 
-0.6558370590209961, -14.367152214050293, -1.684020852768389, 1759176331968320735, 
-0.6588658094406128, -14.39403247833252, -1.6827722977683501, 1759176332028084496, 
-0.661493182182312, -14.416830062866211, -1.682132317807015, 1759176332077992403, 
-0.664132833480835, -14.438796997070312, -1.6814738432896403, 1759176332128016265, 
-0.6665388345718384, -14.460536003112793, -1.6821284759058053, 1759176332175096298, 
-0.6690161824226379, -14.482569694519043, -1.6820402922267463, 1759176332225116459, 
-0.6711580753326416, -14.501973152160645, -1.6825324857782653, 1759176332268336129, 
-0.6737796664237976, -14.52437973022461, -1.682069568122711, 1759176332317680437, 
-0.676274836063385, -14.54634952545166, -1.6812063656333793, 1759176332366186355, 
-0.6790282130241394, -14.573369026184082, -1.6814354160841885, 1759176332427086626, 
-0.6815871000289917, -14.595820426940918, -1.6804262115280384, 1759176332477407476, 
-0.6840769052505493, -14.618178367614746, -1.6796758833011542, 1759176332526133474, 
-0.6865763068199158, -14.640722274780273, -1.6785920105707415, 1759176332576522826, 
-0.6907894611358643, -14.680975914001465, -1.677706163413275, 1759176332667053648, 
-0.6941437125205994, -14.712302207946777, -1.6781418853474421, 1759176332736688992, 
-0.6967088580131531, -14.734809875488281, -1.6787548947084245, 1759176332787609217, 
-0.6981528401374817, -14.748376846313477, -1.6787548947084245, 1759176332816363774, 
-0.7010875344276428, -14.775066375732422, -1.6766228287686373, 1759176332877648616, 
-0.7033297419548035, -14.797126770019531, -1.6766228287686373, 1759176332926339560, 
-0.7055220603942871, -14.81966781616211, -1.6766228287686373, 1759176332976313599, 
-0.7079235315322876, -14.842181205749512, -1.6756661015451493, 1759176333026832511, 
-0.7106218338012695, -14.868866920471191, -1.6739852209145891, 1759176333086874663, 
-0.7129135131835938, -14.89141845703125, -1.6736333297446913, 1759176333136695452, 
-0.7142800092697144, -14.904459953308105, -1.6732769476313312, 1759176333165843232, 
-0.7173420190811157, -14.931702613830566, -1.6743357266107073, 1759176333226800589, 
-0.7197401523590088, -14.953536987304688, -1.673910422364431, 1759176333278293295, 
-0.7218682765960693, -14.976152420043945, -1.673910422364431, 1759176333326844698, 
-0.7243458032608032, -14.998785972595215, -1.6722734450008456, 1759176333376372582, 
-0.726651132106781, -15.02113151550293, -1.6712028075766832, 1759176333427677561, 
-0.728455662727356, -15.03898811340332, -1.6712028075766832, 1759176333467596597, 
-0.7306459546089172, -15.061192512512207, -1.6715452721028876, 1759176333518447980, 
-0.7337824702262878, -15.092824935913086, -1.6715452721028876, 1759176333587084006, 
-0.7354007959365845, -15.11093807220459, -1.6715390376344685, 1759176333626769908, 
-0.7377693057060242, -15.133224487304688, -1.6715390376344685, 1759176333677247578, 
-0.7400899529457092, -15.155625343322754, -1.672788256267128, 1759176333727231972, 
-0.7426098585128784, -15.178019523620605, -1.6737650001353044, 1759176333777038843, 
-0.74485844373703, -15.200286865234375, -1.6737655840547585, 1759176333827078472, 
-0.7468268275260925, -15.21839714050293, -1.6735153708797867, 1759176333867518111, 
-0.7491750121116638, -15.240809440612793, -1.6723073899912173, 1759176333916018459, 
-0.752098560333252, -15.271818161010742, -1.6717590359092867, 1759176333987109146, 
-0.7537518739700317, -15.289974212646484, -1.6716815358456911, 1759176334027251491, 
-0.7561939358711243, -15.312081336975098, -1.6711643313732134, 1759176334076248020, 
-0.7583281397819519, -15.33488655090332, -1.6712621221077755, 1759176334127031764, 
-0.7606348991394043, -15.357253074645996, -1.6709780057467767, 1759176334176037399, 
-0.7627955675125122, -15.379560470581055, -1.671418318347541, 1759176334227287548, 
-0.7647367715835571, -15.397562980651855, -1.671418318347541, 1759176334267495909, 
-0.7667781114578247, -15.419564247131348, -1.671418318347541, 1759176334316581528, 
-0.7698098421096802, -15.45125675201416, -1.6700494863058941, 1759176334387499663, 
-0.7715471386909485, -15.469198226928711, -1.6690380847734536, 1759176334427193833, 
-0.7738608717918396, -15.491719245910645, -1.6677719384393828, 1759176334477080534, 
-0.7758891582489014, -15.514235496520996, -1.6677719384393808, 1759176334526044221, 
-0.7781667113304138, -15.53656005859375, -1.6677719384393808, 1759176334577046551, 
-0.780331015586853, -15.559261322021484, -1.6677719384393808, 1759176334627027080, 
-0.7822049856185913, -15.577359199523926, -1.6677719384393808, 1759176334666969337, 
-0.7842536568641663, -15.599919319152832, -1.6691916619027272, 1759176334716316778, 
-0.7872820496559143, -15.631097793579102, -1.6691916619027272, 1759176334787487855, 
-0.7891720533370972, -15.64898681640625, -1.6691916619027272, 1759176334828148759, 
-0.7913240194320679, -15.67141342163086, -1.6687214810521998, 1759176334876100125, 
-0.7934381365776062, -15.694287300109863, -1.6690664145141767, 1759176334926064991, 
-0.7954145073890686, -15.716570854187012, -1.6690664145141767, 1759176334977048268, 
-0.7977187037467957, -15.739142417907715, -1.6679061000643685, 1759176335027336647, 
-0.8003842830657959, -15.766202926635742, -1.6678749981358405, 1759176335086329039, 
-0.8025075793266296, -15.78847599029541, -1.6684164788296652, 1759176335136196757, 
-0.8036813735961914, -15.800451278686523, -1.668809640988262, 1759176335163444748, 
-0.8069404363632202, -15.830793380737305, -1.6688556678633855, 1759176335231290801, 
-0.8090830445289612, -15.853108406066895, -1.668652250165717, 1759176335281056983, 
-0.8109211325645447, -15.871883392333984, -1.6677333002194865, 1759176335323045616, 
-0.812947154045105, -15.894017219543457, -1.6673508336990681, 1759176335372078865, 
-0.8151714205741882, -15.918701171875, -1.6664443393789443, 1759176335426158441, 
-0.8168393969535828, -15.936759948730469, -1.6664443393789443, 1759176335466754214, 
-0.8193419575691223, -15.961665153503418, -1.664974555135104, 1759176335522074223, 
-0.8208620548248291, -15.979514122009277, -1.6645826803275994, 1759176335563041778, 
-0.8237559199333191, -16.008501052856445, -1.6645826803275994, 1759176335627243259, 
-0.8260261416435242, -16.031021118164062, -1.6656725339499803, 1759176335677152774, 
-0.8282707333564758, -16.05365562438965, -1.6661204778358043, 1759176335727185331, 
-0.830215334892273, -16.075992584228516, -1.6661204778358043, 1759176335776041798, 
-0.832421064376831, -16.098674774169922, -1.6646808532268829, 1759176335828123903, 
-0.834128737449646, -16.116540908813477, -1.6646808532269097, 1759176335867184976, 
-0.837105393409729, -16.147953033447266, -1.6646808532269097, 1759176335937613301, 
-0.8391016721725464, -16.170848846435547, -1.664774663027809, 1759176335988679760, 
-0.841120719909668, -16.188478469848633, -1.6638732105673573, 1759176336026979219, 
-0.8432132005691528, -16.211166381835938, -1.663670365842206, 1759176336076286523, 
-0.8452440500259399, -16.233158111572266, -1.6641357595702873, 1759176336127110009, 
-0.8473526835441589, -16.255908966064453, -1.6651284511942277, 1759176336177054960, 
-0.8494145274162292, -16.276384353637695, -1.6651298013691263, 1759176336222423277, 
-0.8520548939704895, -16.30551528930664, -1.66462922663412, 1759176336286967262, 
