odom_x, odom_y, odom_th, odom_vx, odom_yawrate, pf_x, pf_y, pf_th, stamp, 
6.221371936348517e-05, -1.0011964955990636e-06, 2.6174875063424085e-06, 3.4076060153465298e-06, -6.819348326917687e-08, 0.022391554727831307, 0.0787132617029849, 0.001909981549308861, 80767000000, 
6.224118867687668e-05, -1.0012607390518558e-06, 2.6227563728658204e-06, 4.178563729233759e-06, -5.502325195557204e-08, 0.02662772120805403, 0.08280419094722584, 0.0023536344753482407, 80971000000, 
6.226500349903323e-05, -1.001188542317173e-06, 2.632345204543025e-06, 2.7039898664811305e-06, -7.223606012820879e-08, 0.03419406918782366, 0.06901898845557451, -0.0024185313999931938, 81345000000, 
6.226985881829389e-05, -1.0012595658605446e-06, 2.6467123433476223e-06, 1.949086087451186e-06, -7.947988215525116e-08, 0.031045271114034857, 0.077467684184303, 0.003944748518115234, 81923000000, 
6.232872483529685e-05, -1.0013981631935623e-06, 2.662486201040771e-06, 3.293384618685753e-06, -7.08996401902561e-08, 0.03396881937383735, 0.08722306406000932, -0.002316814099207313, 82535000000, 
6.23374892466984e-05, -1.001429527059833e-06, 2.669350116139956e-06, 3.2833195561717776e-06, -7.135578904407676e-08, 0.02296067585838979, 0.08595847531819067, 0.0025748997682838097, 82807000000, 
0.006106657074477079, -1.4159095290204192e-05, -0.006610944462027561, 0.04737137533685509, -0.0522343253155439, 0.03856857202073487, 0.07888576753123717, -0.009372683880998966, 83181000000, 
0.023757153381577276, -0.0002627577557211356, -0.01997745224728699, 0.08535214260210575, -0.05320627355633603, 0.05067351525954429, 0.07901880887330891, -0.018334835377162937, 83419000000, 
0.04702168514896788, -0.0009289466912538408, -0.03788600138119517, 0.0861810898795933, -0.06959721582144365, 0.0661902293097913, 0.08423888593757703, -0.031269809052397755, 83691000000, 
0.07020964041717179, -0.002003167868766825, -0.054087589102803556, 0.0849313172721211, -0.05448028053497397, 0.100261426971661, 0.08168491837726725, -0.058731945396491965, 83963000000, 
0.09884222082768739, -0.0038106033146005293, -0.0716945419214627, 0.08391853927301408, -0.04848380466943342, 0.11484898397303805, 0.07506354020978506, -0.07336550839662358, 84303000000, 
0.12133993127259776, -0.005566368156382266, -0.08402709677759722, 0.08245940647487432, -0.04366206547944565, 0.14404506500543135, 0.07828470966268467, -0.0856562810606697, 84575000000, 
0.1512008732264709, -0.008243288450983273, -0.09334907407320571, 0.0782964024007943, 0.00021145884126510235, 0.17583142272355937, 0.07954956433237013, -0.0927494404126061, 84949000000, 
0.1749874714390128, -0.01047860571314223, -0.09428668617762118, 0.07792406941386772, -0.00403900169744645, 0.19245359774195225, 0.06286822309531541, -0.09326719487517914, 85255000000, 
0.19558696943756515, -0.01242761324326182, -0.09418472225547415, 0.07536664473551898, 0.0004983238407682022, 0.22887510209870612, 0.0709100142479814, -0.09323850454563279, 85527000000, 
0.2179581780463161, -0.014534187288208166, -0.09340822062329074, 0.07246898502654565, 0.002839577222317606, 0.2388464933759978, 0.0651707582954439, -0.09491401524160038, 85833000000, 
0.24463150237193368, -0.016987893076468204, -0.08843825507932436, 0.07087428688829642, 0.01763972866780184, 0.2687314964352785, 0.07039980875003733, -0.08767163768571329, 86207000000, 
0.26321336848810767, -0.01860930039287756, -0.08588306282166569, 0.06770862962054913, 0.00903141303354367, 0.2809270833185213, 0.06344010405240116, -0.08750692346714684, 86479000000, 
0.2836494790483153, -0.020333147109124816, -0.08188500511506334, 0.06672409069424022, 0.013828277614040194, 0.30957445453981713, 0.06021922484160051, -0.08263461577344333, 86785000000, 
0.30122883889101304, -0.021767774441122364, -0.08138199429518639, 0.06413101038265857, 0.0014089414091704403, 0.33165863122875255, 0.04688360292384744, -0.08050049689521983, 87057000000, 
0.3184045294926355, -0.023161232445395447, -0.08005832083762948, 0.06291940033445592, 0.007216857073622163, 0.3532737288919292, 0.05898148579094424, -0.07970766364334571, 87329000000, 
0.34142754091825384, -0.02498451498048457, -0.0781904320752297, 0.06039028821103352, 0.0034735406901961583, 0.3592919169011815, 0.05126504854959993, -0.08295303802410904, 87703000000, 
0.3574461924042998, -0.026216805605231493, -0.07453130751675222, 0.05829728145870647, 0.0179393810900149, 0.3842016397479907, 0.05446710392566492, -0.07391745831838974, 87975000000, 
0.37294726887437, -0.027359943639953414, -0.0736940218162948, 0.05646775292023218, -0.0032636067909538008, 0.39581524518440814, 0.05927225901405471, -0.07452505931190875, 88247000000, 
0.39388335274665687, -0.02889800312735767, -0.0717806479428089, 0.05579213939158367, 0.011712185170210176, 0.4151251428660415, 0.04184274477278827, -0.07120140942128056, 88621000000, 
0.40860113013594096, -0.029956170098579545, -0.07225555109809496, 0.053649543400008666, -0.0021979018880422378, 0.4275552177708295, 0.061923248671986716, -0.06961733464243224, 88893000000, 
0.4229868476119343, -0.031012339089635466, -0.07480995941723712, 0.05276377640766165, -0.011854083740955678, 0.44511543777736007, 0.054855739259317735, -0.07141012761319712, 89165000000, 
0.43695783965082835, -0.03206042591193124, -0.07379420346909164, 0.05103929987581615, 0.010363999737548488, 0.45544336071247804, 0.04456192930591864, -0.06817875875107395, 89437000000, 
0.45057565509888226, -0.033082733137799414, -0.07796765486325946, 0.04996813095440306, -0.025999732072411044, 0.47193160959857366, 0.04464276788448038, -0.07907223187951858, 89709000000, 
0.46382003387645226, -0.03414945048924067, -0.08239978880091041, 0.048402469826910294, -0.013026794939543162, 0.49325830259653564, 0.04672914840858402, -0.08351924449508412, 89981000000, 
0.4799810879507431, -0.0355110464027817, -0.08472191673305712, 0.04731676658213395, -0.0007800804279646065, 0.5073667046209301, 0.045019354851284166, -0.08422781158085586, 90321000000, 
0.4940964265110814, -0.03670737568278598, -0.08384427777727035, 0.04568592436436119, 0.005903480851475018, 0.5258605047583214, 0.03378902736201265, -0.08795430884736213, 90627000000, 
0.5105541573231469, -0.03808040101914528, -0.08269013639821264, 0.04378458302063317, 0.0029022923933469604, 0.539645489112313, 0.051412673327620874, -0.08555279286253763, 91001000000, 
0.5193213629736111, -0.03880399816776274, -0.08189899585776639, 0.04265975252995644, 0.004089273371480089, 0.5500928955359554, 0.03769691552446647, -0.08383145479340523, 91205000000, 
0.5334413303633909, -0.039935930964827164, -0.07612562848639998, 0.040993741101894, 0.02690313422871702, 0.5537083828235584, 0.04734249809830586, -0.08117313132689664, 91545000000, 
0.5443082734381455, -0.04075663977791976, -0.07665084811018798, 0.039663825265620886, -0.01455911708517483, 0.5693105854972458, 0.038871751427685466, -0.07482777046599567, 91817000000, 
0.5588098188327816, -0.04186043352556793, -0.07386539647013557, 0.038594159631600455, 0.013278109152313458, 0.5835732242558919, 0.03575525568295671, -0.07005241751313247, 92191000000, 
0.5653220404438991, -0.04234693029762143, -0.07535023819404586, 0.03840788267250114, -0.013411682997592473, 0.5862297876338806, 0.04808858113882253, -0.07728140936305021, 92361000000, 
0.5781281503163334, -0.043331534007416225, -0.07731041805480404, 0.0371256549070411, 0.0006496357050120114, 0.5958541103005791, 0.03919381035419224, -0.07788823746064266, 92701000000, 
0.5879177997769393, -0.04409064727116414, -0.07746113081917134, 0.03561806266736259, -0.00042749589182903804, 0.6175741227261287, 0.039546626783758566, -0.07576051044601298, 92973000000, 
0.6011559865721247, -0.04515188973049311, -0.08385944697977482, 0.035490007362730884, -0.02240805321557135, 0.6366450277252372, 0.03354376396559374, -0.08475567358595246, 93347000000, 
0.609438089262637, -0.04586034151947165, -0.08602308094041726, 0.034660458616020795, -0.0008216123318294623, 0.6297049909313672, 0.030488050101645667, -0.08298426987626187, 93585000000, 
0.6185203753230674, -0.046649876642977636, -0.0879865245477409, 0.03257298566639773, -0.011025609928793157, 0.6398045093477308, 0.023751339188367082, -0.08906715422655209, 93857000000, 
0.6271054821203325, -0.0474113849946064, -0.08783454401037168, 0.03108608866289121, 0.010656309005103904, 0.6507701433151362, 0.0346954425551527, -0.09282520956856712, 94129000000, 
0.635541194064835, -0.04814035607925176, -0.08418149933095899, 0.03129599708203567, 0.01579243857792452, 0.6593243713884362, 0.034868526135542054, -0.08515494649744763, 94401000000, 
0.643891668270321, -0.048816652589412715, -0.07605687459252328, 0.030552270336385214, 0.03633195077485953, 0.6690531158163511, 0.024226020568908775, -0.0760340358976034, 94673000000, 
0.6520779293740202, -0.04940604829879308, -0.0692470279060691, 0.029791254556033372, 0.015323653294426458, 0.6747051568585064, 0.030017385285394667, -0.07153932635196157, 94945000000, 
0.6590623403982514, -0.04988241617881114, -0.06748060947161257, 0.029014315088692136, -0.0034576439060214595, 0.6853989698342959, 0.024021189855905352, -0.07021936733563441, 95183000000, 
0.6668360616461254, -0.05040673077695785, -0.06605694530520044, 0.02809435357401684, 0.028169003351444642, 0.6888340139271938, 0.031454559439890666, -0.06746430646416698, 95455000000, 
0.678937376914439, -0.05119519378710785, -0.0649431418061186, 0.026668952741588158, 0.01490292763017893, 0.7135230662272961, 0.03145009080162316, -0.06233859577747601, 95897000000, 
0.6870079467083267, -0.05170498007741809, -0.06260100634974794, 0.026242924450328265, -0.023304051162494982, 0.7078267628588728, 0.03195978216654107, -0.06162500870521562, 96203000000, 
0.6941077989960099, -0.05216049791466662, -0.0657183931602766, 0.02612779035970419, -0.011654531675742262, 0.7206628848689892, 0.03391306206998206, -0.06380379361065203, 96475000000, 
0.703276467653947, -0.05279460748902587, -0.07334468433744187, 0.024314350746249023, -0.023831814640236374, 0.732236591537937, 0.038180445912761256, -0.07005358071901237, 96849000000, 
0.7082368302201527, -0.05317025191863584, -0.07806732821053312, 0.024451448031456973, -0.022998906352935642, 0.7363843923916689, 0.037472174888598594, -0.07416460663076797, 97053000000, 
0.7163454294244427, -0.05383872802766749, -0.08757035211489358, 0.02349854167130255, -0.03179569916104971, 0.7414598964396585, 0.02135175408380785, -0.08855553328973935, 97393000000, 
0.7232692110145272, -0.05448588731534083, -0.1001795994613004, 0.0223839521809087, -0.0428734752894818, 0.7441457013101405, 0.026391139940022335, -0.09904228589891742, 97699000000, 
0.7292477411600827, -0.055119157512245956, -0.11129859719641624, 0.02204717303647811, -0.040806047033707896, 0.7533025716934766, 0.018866459490267093, -0.11030219969358787, 97971000000, 
0.7350711451924805, -0.055773799509202124, -0.10891443848764984, 0.021363431379520886, 0.030225170326193963, 0.7574623785339527, 0.02179838697071503, -0.11787450284990893, 98243000000, 
0.7408107149538027, -0.05638254770888503, -0.1029276516954104, 0.021135105423398748, 0.018184101053779593, 0.7655110812968036, 0.02796933230046809, -0.10415891779419229, 98515000000, 
0.7464478835235353, -0.05694902496306246, -0.09472237511270272, 0.020438078478049244, 0.04303039389983615, 0.7689275882936805, 0.018701429039715375, -0.09463098406256616, 98787000000, 
0.7532254113073065, -0.05753943010935191, -0.07864877126638463, 0.01985852164942259, 0.0460242738851379, 0.7765810065051895, 0.024302515844270327, -0.07994250650321065, 99127000000, 
0.7585117208702832, -0.057934166022329356, -0.07230607831794639, 0.019198724852580656, 0.001535328824275195, 0.7877086968943868, 0.02669352667140218, -0.07493211873829941, 99399000000, 
0.7636843229678655, -0.05830278114449921, -0.06734612703988774, 0.018851083294217908, 0.028810886062101245, 0.7914748286292332, 0.024284146148816303, -0.07070287961666456, 99671000000, 
0.7706008861748265, -0.05873958358898654, -0.06164410737062285, 0.018205405427303586, -0.0046363058729684235, 0.7998081661576504, 0.03450914397412532, -0.05970930899278339, 100045000000, 
0.7742091913879059, -0.05896556837461034, -0.06421979815074669, 0.01740513926573167, -0.016214602082881186, 0.8006693623517666, 0.027389745951174695, -0.058957778265131995, 100249000000, 
0.7805815190325712, -0.05939704857389561, -0.07052268980967634, 0.016887169799949, -0.015175612520750004, 0.8106530369482761, 0.02481405110313324, -0.06977834756444189, 100623000000, 
0.7850732452908181, -0.059741035533191475, -0.08660010815365882, 0.016372315767173146, -0.07939798150512162, 0.8062407030752742, 0.028002232324425173, -0.08180884132824882, 100895000000, 
0.7894634415248366, -0.060154649016771845, -0.10041890032482483, 0.016157852363294735, -0.040370332798094495, 0.8140082270798674, 0.025222446405607113, -0.1018629726427546, 101167000000, 
0.796315018199374, -0.06089625036226409, -0.11457056224892563, 0.015489653839924093, -0.028934268185093565, 0.8157063026906315, 0.02166990555963978, -0.11639028788711983, 101609000000, 
0.7994634677878857, -0.06126697378935906, -0.12063970367167104, 0.015611216555354364, -0.029311984988762977, 0.8220332219856175, 0.025413669541320214, -0.11847353604456459, 101813000000, 
0.8045311123213649, -0.06188806779240813, -0.12281582333145051, 0.014850425649294702, -0.0016038512221919557, 0.8331357747012044, 0.02060854510674684, -0.12134028801689288, 102153000000, 
0.8089976269494192, -0.06243308887848762, -0.11789376462203617, 0.014603187151515705, 0.028347829519725587, 0.8339277799221176, 0.009435854411780869, -0.1250433682415998, 102459000000, 
0.8142543328043527, -0.06304674472094027, -0.11481550845995614, 0.013365062133448966, 0.031328029513317514, 0.8380852530033313, 0.02014026263425812, -0.11509770202161398, 102833000000, 
0.8164859080257666, -0.06329886640274494, -0.10975784943943494, 0.01305161893407404, 0.029729963243518513, 0.8340117348118031, 0.013862619911411828, -0.11026985104998677, 103003000000, 
0.8199878308120243, -0.06366950014035617, -0.09514253374349485, 0.012826123577773164, 0.07984643404481831, 0.8468384267101824, 0.018120587949142893, -0.1049166653946995, 103275000000, 
0.8243001655787965, -0.06402800644446682, -0.07489891745969077, 0.012665264763368477, 0.01187592660872011, 0.8401341442162662, 0.023589190513571827, -0.07465045884677747, 103615000000, 
0.8277562622281727, -0.06427081668606534, -0.06201505133833331, 0.012807953943946683, 0.05819053542342328, 0.8481418633550352, 0.02013561719071262, -0.06359243517722088, 103887000000, 
0.8314819621017552, -0.06448345793021112, -0.05271587583907534, 0.01180320673052829, 0.026242255800678564, 0.8587394502421377, 0.0051959978440207465, -0.049288223601461754, 104193000000, 
0.8348332072149883, -0.0646687500206484, -0.059475191947389636, 0.01253674199034667, -0.02642471492132949, 0.8587618199865926, 0.021320688523374064, -0.05590130450412505, 104465000000, 
0.8393085715193919, -0.06495865049201308, -0.06969781944625093, 0.011789049584572643, -0.025390844665451277, 0.8610539818854609, 0.014215021838658788, -0.07329905010316369, 104839000000, 
0.8412181217670691, -0.06509233920944926, -0.06516139221403638, 0.010980295139912225, 0.038515789705771776, 0.8636730313620871, 0.016689178427635135, -0.06585281405549814, 105009000000, 
0.8448738761629689, -0.06531154157583954, -0.06291927956804105, 0.01090642308146791, -0.06300985022707188, 0.8755540772175224, 0.0154661166346309, -0.07051522856696026, 105349000000, 
0.8481314160541533, -0.0655279671170861, -0.0651766025128408, 0.010494017172542818, 0.021519409557817143, 0.8810444391279776, 0.022575271119306257, -0.06583047358447114, 105655000000, 
0.8581697572908845, -0.06621207966548884, -0.07400441514841213, 0.09895499859516292, -0.33265687881834044, 0.8852710439005433, 0.021616241906207527, -0.07228171229287515, 121635000000, 
0.8700205557879339, -0.06771937858877848, -0.18688609073510618, 0.05236087829082794, -0.5203013196021955, 0.8946401452035508, 0.01450170038265926, -0.16818880096546468, 121873000000, 
0.8820754309743347, -0.07074037225567266, -0.3060474894028094, 0.051653172390511655, -0.5016795058862026, 0.9055087448376586, 0.013489506886591902, -0.2639940407094107, 122111000000, 
0.896895580788091, -0.07668297729693449, -0.45904938140803964, 0.052288211451543026, -0.4996853095864901, 0.9173056512657319, 0.005566268710911592, -0.4646652546378001, 122417000000, 
0.9091736652194261, -0.0838027084056906, -0.5950045315277714, 0.05201746557908729, -0.49981679848339516, 0.927275205486406, -0.012782610629334971, -0.575171537130092, 122689000000, 
0.9238832287568974, -0.09573254458003944, -0.7663002651339585, 0.04986397614761123, -0.4397638824969184, 0.9485140283738964, -0.029885431065061946, -0.7531561252984009, 123063000000, 
0.9307119898820202, -0.10279345438230911, -0.8337193779880657, 0.04859672893472035, -0.30436378067194936, 0.9545382860252678, -0.014210749263591558, -0.82025614040196, 123267000000, 
0.9420695864061697, -0.11638476785425413, -0.9095995738548085, 0.0464176684854493, -0.17758215905032007, 0.9756788328942073, -0.045718757251785626, -0.9140013746840037, 123641000000, 
0.9493144467567902, -0.12590856449064924, -0.9245692812783173, 0.04362636714238543, -0.01428658570724331, 0.9794126550449367, -0.04662710701090512, -0.9243739515159166, 123913000000, 
0.9574244671276786, -0.13667490976864827, -0.9239450375889304, 0.04427197049325, 0.006426070101989644, 0.9852787768549588, -0.0607136906383197, -0.9305534872619661, 124219000000, 
0.9643528442376169, -0.14566522551269379, -0.9001254600146191, 0.04079654374538777, 0.09023143657367194, 0.9878170866630281, -0.05756298167982186, -0.9007025085383557, 124491000000, 
0.972205133478295, -0.15526231598546034, -0.8681838881613513, 0.04043001652842049, 0.10593192423271512, 1.0020802729321285, -0.07540472852124724, -0.8633850354359506, 124797000000, 
0.9820343316625867, -0.16641202139274772, -0.8249066478423733, 0.03913591824017056, 0.1199384011047836, 1.0134759901941166, -0.08762669399612776, -0.8191554165461082, 125171000000, 
0.9893721836946912, -0.17414366805283643, -0.7983910103319729, 0.0392270563590917, 0.08650674895455344, 1.0126056622996702, -0.09906423743575803, -0.7982152470142259, 125443000000, 
0.9957540436310136, -0.1805845341739602, -0.7814585623130449, 0.037570973894103424, 0.057674219029708894, 1.0246382236083222, -0.09332916661292658, -0.7846257176919595, 125681000000, 
1.003721946515694, -0.1883860327223738, -0.7697067233465414, 0.035837568690594394, 0.023931152138353246, 1.0309989408871383, -0.10793042855070031, -0.7668677489792218, 125987000000, 
1.0097804520821898, -0.1942225815777478, -0.7631559839956061, 0.03524430283063777, 0.02692782005577888, 1.0323745884757694, -0.10227705879619588, -0.7631391275050341, 126225000000, 
1.0166661954609193, -0.2007861382047556, -0.7619252507146536, 0.03488122262634488, -0.017564954026744607, 1.039252736805041, -0.11022150515287568, -0.7622129500074263, 126497000000, 
1.0241695090306564, -0.2079730944479369, -0.765965873889618, 0.03348791171451912, -0.012647825155486781, 1.0504453463215826, -0.12782441167800246, -0.7649270847955819, 126803000000, 
1.0323806437666594, -0.21591717649505746, -0.7733536486610068, 0.03372253297443638, -0.028444030625790314, 1.0573028738262626, -0.13948318655773276, -0.7752226867639761, 127143000000, 
1.0396312514844492, -0.22305016192603883, -0.7816241682369315, 0.032833207757715824, -0.02680207273772002, 1.0609099509901208, -0.12881007061840646, -0.7812163312746147, 127449000000, 
1.045741455612547, -0.22914449028907294, -0.786362788773977, 0.031258251281865754, -0.013303204341463754, 1.071455219644171, -0.14533125355924237, -0.7834919596261399, 127721000000, 
1.0522607741785843, -0.2356825398813574, -0.7866283627066817, 0.029783981406604182, 0.0014170250255943597, 1.0768752936313326, -0.1597693471052527, -0.7860108377912525, 128027000000, 
1.0573112483999731, -0.24075686176208255, -0.7899231013082201, 0.03017715667352605, -0.01835375427097851, 1.0810304270468987, -0.15698423167485342, -0.782115555213693, 128265000000, 
1.0636055003382205, -0.24712928740650042, -0.7926031725459832, 0.028482821386843084, -0.0036960922748242343, 1.0888996422300292, -0.16211833700224976, -0.792570665973282, 128571000000, 
1.0688946356489462, -0.25248730705580624, -0.7899577286535883, 0.027224410598625584, 0.01627728667267283, 1.0937744503542584, -0.17301461024037346, -0.7932284977770749, 128843000000, 
1.0760564985916186, -0.25969298699441346, -0.7883329692324884, 0.02713666884785435, 4.073359820302616e-05, 1.1033789014992184, -0.17964439489617953, -0.7836155538206057, 129217000000, 
1.0792628664964687, -0.26291891702658055, -0.7883043353160798, 0.026445288481674264, 0.00027272496145599274, 1.104994349316228, -0.1747793995290129, -0.7880787232190865, 129387000000, 
1.0854787627270246, -0.2691633757946213, -0.7857690261608389, 0.02543567996587241, 0.016496731279958425, 1.1072346822243462, -0.1917821205037585, -0.7872457114458158, 129727000000, 
1.0908355185264977, -0.27451081200150185, -0.7841898395564202, 0.02429415462425699, -0.0010900826357781823, 1.1191087875459627, -0.19378219034933614, -0.7830018919045031, 130033000000, 
1.0949466833634638, -0.27861888442650223, -0.7862207319690278, 0.024466307189107722, -0.011114577892866882, 1.1211951437617311, -0.19625513895448682, -0.7892066677440533, 130271000000, 
1.1007042308770032, -0.28439180674588516, -0.784419703355621, 0.02338255853075147, 0.027237421657123204, 1.1274473706129047, -0.21037267025573766, -0.7792474039697076, 130611000000, 
1.1040006204062556, -0.2876737178868017, -0.7831422602830946, 0.022495660678145155, 0.0009448977330065246, 1.1305697040112959, -0.20054598069826796, -0.782167034224541, 130815000000, 
1.1093578924136596, -0.29301132749657294, -0.7833772104461745, 0.02212394088299692, 0.0026563785887930855, 1.1370456679304006, -0.2153279269514092, -0.7837158591891412, 131155000000, 
1.1134624897815806, -0.2970908691685968, -0.7804639232666769, 0.02078445231909771, 0.01466793578974773, 1.139214042366143, -0.21099162125459484, -0.7763529690373977, 131427000000, 
1.1165072293347482, -0.30010501863468636, -0.781567742038787, 0.021163486286388658, -0.009541413733319752, 1.141849088572065, -0.2167176562513807, -0.7825504226208219, 131631000000, 
1.121463373966293, -0.30503886063443464, -0.7827762430650462, 0.020060293324009108, 0.007611509907312614, 1.1454285378288673, -0.2325283029715518, -0.784755773691926, 131971000000, 
1.1248272144869522, -0.30838934051592903, -0.7852273892904146, 0.020012798699390728, -0.02096762664100195, 1.1529154458280748, -0.22966347667123607, -0.7865287810572804, 132209000000, 
1.1286208150719679, -0.31219484979346107, -0.7879369243013435, 0.019552972751919702, -0.0023523588932816636, 1.1593776871596262, -0.24139979982616785, -0.7883287822784346, 132481000000, 
1.1330940266989211, -0.3166632928833125, -0.7794080072015536, 0.018196128476390717, 0.03323772309113664, 1.1546894032077244, -0.2354929905701385, -0.7824697493442813, 132821000000, 
1.136597628372118, -0.320103825835815, -0.7749346406459384, 0.017975344736927776, 0.00039974595303616915, 1.1648992594301693, -0.23835040026042845, -0.7753757159700636, 133093000000, 
1.139533818466211, -0.3229713698337129, -0.7709099603867823, 0.016921249882690413, 0.025689009812814932, 1.1607180116560922, -0.24238683788630438, -0.774654399397995, 133331000000, 
1.142873272224806, -0.32619875586966607, -0.7661049848871236, 0.017321510443749286, 0.012422859485872597, 1.1714437634566996, -0.23703655351193353, -0.7656972079319759, 133603000000, 
1.1458388484930715, -0.32904464415909945, -0.7648082243988712, 0.016916418523665315, -0.028447325131630685, 1.1769243815028134, -0.24915469520667438, -0.765232409736148, 133841000000, 
1.1491090732307676, -0.33219266967902294, -0.7661194108931232, 0.01661413655141216, 0.004491374888559893, 1.1711470423240191, -0.24988732515818982, -0.7615432124890628, 134113000000, 
1.1531458766792548, -0.33608991002092753, -0.7747410228221207, 0.01639665739340131, -0.05360640898810602, 1.1737859546475553, -0.24968260956095428, -0.7702012424574449, 134453000000, 
1.1550186973716252, -0.3379315207637932, -0.7796110363281114, 0.015371204708851796, -0.023390635900343463, 1.1800814856270663, -0.2587325058606158, -0.7782507961888709, 134623000000, 
1.1587088712993483, -0.3416076511014138, -0.7861200196214305, 0.015448922556649805, -0.005758127328915665, 1.1875347813997914, -0.2635282423193796, -0.7806519490038505, 134963000000, 
1.1616673062941678, -0.3445773475458779, -0.7889999576694803, 0.015376253354176908, -0.011325424878499179, 1.1945667154572843, -0.266058619186509, -0.790750770885072, 135235000000, 
1.1644943546297297, -0.3474261875421478, -0.7886977100661345, 0.014497802396880456, 0.0065828499017432564, 1.1894464191176237, -0.25914534964309, -0.7893832150821594, 135507000000, 
1.1671561013225906, -0.35010424328613, -0.7887779937554775, 0.013597907552661114, -0.002972567156998644, 1.1928127272090012, -0.26926838356908134, -0.7911894738205404, 135779000000, 
1.1696885163249078, -0.35265830491141303, -0.7913620841692881, 0.013007163591142366, -0.012842463482123248, 1.1970617820679474, -0.26870071299744697, -0.7904696938214446, 136051000000, 
1.1719285857526125, -0.3549330743663222, -0.7953960067638416, 0.013652437970519836, -0.020704766145440166, 1.1926471612438612, -0.2678938723936695, -0.7915278443877876, 136289000000, 
1.174765262471967, -0.35783382251948687, -0.7957026300266576, 0.0128536899663046, 0.010868884714182068, 1.2014918018395064, -0.28161424324181084, -0.7944648131248134, 136595000000, 
1.1768841497724867, -0.3599997031139781, -0.7978804018984391, 0.012702988319217606, -0.012972615451492758, 1.2077391636292243, -0.2749392081695598, -0.7991908821380999, 136833000000, 
1.1789949033135603, -0.36216911992536005, -0.7996566726136337, 0.012847030142155302, 0.011188647069890683, 1.211154153948433, -0.2754266468920908, -0.8052452740401476, 137071000000, 
1.1813984748011057, -0.36463960732776796, -0.7969667969550956, 0.011921055766433548, 0.040217345534052734, 1.2150104348696933, -0.2860187490070826, -0.7905024472461338, 137343000000, 
1.183607554473415, -0.3668911725065381, -0.7963495644118405, 0.011607732575053667, -0.014702244521314026, 1.194802760048866, -0.2889726921936152, -0.7980666923321628, 137615000000, 
1.1865880753188514, -0.3699751256879789, -0.8094775797776486, 0.011405830712155313, -0.03679147073830683, 1.2155187547491146, -0.29305262132225396, -0.8077626060058699, 137989000000, 
1.188606457128566, -0.3721077728137237, -0.8158958152254537, 0.010449146009185485, -0.01774187196736046, 1.2166863250788487, -0.2894220284568975, -0.8132643481801504, 138261000000, 
1.1901290558402728, -0.3737179781830061, -0.8050425860122721, 0.011251939360126719, 0.07064085532231724, 1.2223020492001633, -0.28637710855201126, -0.8042682321935534, 138465000000, 
1.1929093688907466, -0.376535907965289, -0.7841128668214917, 0.009868465728035007, 0.03677901843555967, 1.2173149583572749, -0.28880231222814107, -0.780649506597123, 138839000000, 
1.1943507427979094, -0.3779679730142741, -0.780720379661736, 0.010025767135879611, 0.012260541737837962, 1.2224898388070544, -0.29711772814420023, -0.783411665121823, 139043000000, 
1.196773178128161, -0.3803760682587939, -0.7887677019458392, 0.010045879353675121, -0.04872485911344798, 1.220244449373876, -0.2966055722503647, -0.790436879238151, 139383000000, 
1.1982142954517323, -0.3818374348601565, -0.7953553737548229, 0.010110499783158838, -0.031063908831798936, 1.221397660947807, -0.2944606752313428, -0.7969066964390248, 139587000000, 
1.200070655078912, -0.3837415768771404, -0.7999079971258523, 0.009373185900239354, -0.010953906670086049, 1.2287217968450266, -0.29153232638782356, -0.7917030581476372, 139859000000, 
1.2027203743785895, -0.3864690020216864, -0.7984928937259923, 0.009371215911581257, 0.009069935569057533, 1.2314676670727098, -0.3105919568432546, -0.7987806707933689, 140267000000, 
1.2073455069760326, -0.3913132699622029, -0.8198402850525902, 2.5852955550206444e-06, -1.8809832156079017e-07, 1.238023944475348, -0.3140433333263694, -0.8191085822487904, 149039000000, 
1.2081834122316828, -0.39221087677503214, -0.8192421561097364, 0.035135820886828054, 0.038280648102117315, 1.2352848342572136, -0.3062747349219515, -0.8167843821070464, 149311000000, 
1.224194929619875, -0.41155467326180367, -0.9405165605646169, 0.1068721733783293, -0.4743310611650182, 1.2463755113522599, -0.32838559107922477, -0.9707136542730446, 149583000000, 
1.2397945754189756, -0.4362718604457844, -1.076277051696157, 0.10691818557857297, -0.49890133831848305, 1.2670325107516762, -0.3495406851281147, -1.0678166346365838, 149855000000, 
1.2531654494969953, -0.4663086375782082, -1.229298420480319, 0.10698086139031993, -0.5000573576854872, 1.2830758763008534, -0.38361356081063974, -1.2637601115153347, 150161000000, 
1.2603070288300005, -0.49088710065265845, -1.3482801313934796, 0.10759044889982006, -0.4999856016839069, 1.292532359080785, -0.4212573103238789, -1.371945091241229, 150399000000, 
1.2651510078055097, -0.5236555828556823, -1.5012276911260196, 0.10891277654065928, -0.49996106207974206, 1.2940931309434305, -0.43701683172927924, -1.46197101530152, 150705000000, 
1.2646103989530737, -0.5606960406077304, -1.6712020259491516, 0.10903179037150282, -0.49992504313150354, 1.3008690836336565, -0.47487801459432716, -1.6710771009651295, 151045000000, 
1.2596682102007137, -0.5899250749869248, -1.8071570455888049, 0.10870373761192363, -0.4998259113791717, 1.2906519997774502, -0.4975614956940582, -1.7754878560897505, 151317000000, 
1.2508415630212002, -0.618107184736886, -1.9431311371061717, 0.10836715332423479, -0.4999544708894775, 1.2758034562328602, -0.5407289709583644, -1.969020195622821, 151589000000, 
1.2383178766957907, -0.6447412025105312, -2.079085852914615, 0.1078969759468419, -0.49998207556123625, 1.2602096441320463, -0.5692249089772645, -2.0735227431797694, 151861000000, 
1.2223851164162445, -0.6693021897486787, -2.2150544002823094, 0.10689636199145128, -0.499821158956247, 1.2608496754704324, -0.5831019040745314, -2.1712490545632863, 152133000000, 
1.2035639202587647, -0.6911420361088787, -2.3510067496069165, 0.10473746120841293, -0.4997802826260659, 1.2252029186442266, -0.6121428672403073, -2.376112355922236, 152405000000, 
1.1823907097512494, -0.7098442519726685, -2.4869695899243904, 0.10283842991095718, -0.49988502268478463, 1.208680258123025, -0.6185037912094855, -2.470990891226114, 152677000000, 
1.1622214026462487, -0.7235201562851358, -2.605928353828168, 0.10209689476535427, -0.4998400083801563, 1.188432049847795, -0.6399500974072817, -2.5706971520363595, 152915000000, 
1.1376715884809547, -0.7359580589242545, -2.7408355274186955, 0.09945200459462183, -0.49225243231572835, 1.156206836398777, -0.6540071301367326, -2.768264875157513, 153187000000, 
1.1124860660807612, -0.7447744776881995, -2.864962823459399, 0.09684613470237183, -0.4256939584014782, 1.133339021794001, -0.6714849365807073, -2.8631740235871526, 153459000000, 
1.0805934672329385, -0.7515815324640109, -2.9930126065648963, 0.0948940953915628, -0.3256573471855007, 1.1102121693251696, -0.6710815063581506, -3.007861703441869, 153799000000, 
1.0519458563932353, -0.7545858277157743, -3.0709592464633886, 0.09123111486613864, -0.15126520564388124, 1.0807019952965906, -0.6736340370419002, -3.0569609166749934, 154105000000, 
1.030607820651102, -0.7557371412838034, -3.1021651518618922, 0.08916889997446066, -0.09873509480554629, 1.0610792546157488, -0.6697609993226663, -3.0878405343592257, 154343000000, 
1.0066759889673083, -0.7564403161796799, -3.114429306706573, 0.08690596976007747, 0.004520565493928965, 1.0251394471822215, -0.6765231495902387, -3.119154487374271, 154615000000, 
0.9836061549221637, -0.7571817271577439, -3.1018179941053714, 0.08417439550562683, 0.06053989443255263, 1.0060494492694163, -0.677075663963144, -3.104577519632609, 154887000000, 
0.9611474627598396, -0.7582887562486172, -3.0800799736064666, 0.0819636354541054, 0.09072966526229477, 0.9810644751628095, -0.6730500060102248, -3.0713815415870025, 155159000000, 
0.9391493292343291, -0.7599053883069131, -3.0534053096635323, 0.07960577379107965, 0.10735637441231384, 0.9629536737242828, -0.6742622953874745, -3.0493350082366146, 155431000000, 
0.9179669913016354, -0.7620892710662204, -3.0236411141751023, 0.07728500018493308, 0.10549637710412067, 0.943825353951384, -0.6808838417266949, -3.0306731489176606, 155703000000, 
0.8973478733660993, -0.7648129208065535, -2.997298914372442, 0.07552519862783405, 0.08953764951668258, 0.9187315135569518, -0.6807069492572797, -2.98906616822743, 155975000000, 
0.8749086107777382, -0.7683468737934847, -2.97399890547615, 0.07353653972831288, 0.06471713201191262, 0.9026566655889284, -0.686652533866222, -2.9763509769214553, 156281000000, 
0.8483500507486869, -0.7731279711594764, -2.953774759384927, 0.07151469542353696, 0.048825754052371564, 0.8714044571257066, -0.690990330440867, -2.9558360618736073, 156655000000, 
0.8367003184680797, -0.7753617260695816, -2.950418363629689, 0.06964960301357119, 0.01357676250548356, 0.867691186006772, -0.6943495541530448, -2.948807972358814, 156825000000, 
0.8137616724162622, -0.7798600867367906, -2.9464804765860624, 0.06809517428874862, 0.00222672824179547, 0.8481167669479223, -0.6941330877088862, -2.9479789019415836, 157165000000, 
0.7982157166482448, -0.7829319455617568, -2.9475264837652073, 0.06550937716472455, -0.008128651333420169, 0.8201472503608586, -0.7060790932927885, -2.950859047618944, 157403000000, 
0.7809018671794353, -0.7862997309808415, -2.952194440664934, 0.06474358213243464, -0.02240177417188532, 0.8053727034852899, -0.7162959334512992, -2.948346403525535, 157675000000, 
0.7638521884130391, -0.7895236979932343, -2.9572839271907805, 0.06320946435090874, -0.016798299835388934, 0.8011964299169982, -0.7085812355831851, -2.955369430978488, 157947000000, 
0.747372062363527, -0.7925541303271209, -2.9629582642054366, 0.06072170835273029, -0.02435816178233026, 0.7636676097376678, -0.7051350638400056, -2.9636666890604237, 158219000000, 
0.7314598862693618, -0.7953633122586506, -2.971764727645365, 0.05888334942745714, -0.03646128073835443, 0.7550386361169161, -0.7138306099255316, -2.9703489514278267, 158491000000, 
0.7117675923609779, -0.7986346290057905, -2.9811066303285036, 0.05858829516404872, -0.01643127691870087, 0.7316596963270271, -0.7160448870330404, -2.9776232290960505, 158831000000, 
0.694633870726026, -0.8013821001945475, -2.982816348492872, 0.055294661310414016, 0.0024711789468509692, 0.7199495245567901, -0.7140944994135385, -2.980601970630753, 159137000000, 
0.6799706394015708, -0.8037259032154817, -2.9835252485616737, 0.054363923684208865, -0.002780192040377068, 0.7015712704089517, -0.7285465205701266, -2.983766928982616, 159409000000, 
0.6673510555732761, -0.8057348382794458, -2.983354684170186, 0.05288766631467896, 0.003456866417751475, 0.6889371001002683, -0.727267141793328, -2.984586517970138, 159647000000, 
0.6482074078220682, -0.8088159140179524, -2.979692157481806, 0.05121625755204328, 0.014357266143581474, 0.6730515749639334, -0.7252543556982723, -2.9786770830721627, 160021000000, 
0.6347524987332841, -0.8110243662134058, -2.9787891597789566, 0.049637076031869724, -0.0012598827717269362, 0.6654468852039044, -0.7261609997643563, -2.978350006533124, 160293000000, 
0.6248948807702737, -0.8126442651788083, -2.978213758694906, 0.04861992212036181, 0.0038071466088391106, 0.6531271408668918, -0.72584447785936, -2.9807630273853407, 160497000000, 
0.6073449881430381, -0.8155565557865425, -2.9756736669136794, 0.04690087849974428, 0.007486707109102977, 0.6351071469016535, -0.7313822838893099, -2.9748496011266954, 160871000000, 
0.5949055510834755, -0.8176530055677711, -2.973452783702701, 0.04618012159306397, 0.008172991042564913, 0.6190776808086422, -0.736466287248722, -2.973518924716373, 161143000000, 
0.5827087606714734, -0.8197420752164283, -2.9699857818417326, 0.04507563636696688, 0.01480821139793235, 0.6056839653275345, -0.7313369040873143, -2.9672979433693216, 161415000000, 
0.566418373742315, -0.8225985087735462, -2.9667052036456196, 0.043406380727431505, 0.006467297218307348, 0.5922890241097047, -0.7478033300434228, -2.9635262385446146, 161789000000, 
0.5550384486073044, -0.8246133815963356, -2.9662567108949087, 0.04192696755705701, -8.363741797145473e-05, 0.5790575218368123, -0.7449459507290384, -2.9676211474728156, 162061000000, 
0.5439931259108085, -0.8265770954091602, -2.9645092802753603, 0.04079491251287792, 0.009251701990589088, 0.5785737278632647, -0.74395692961155, -2.9638410596607843, 162333000000, 
0.5332048698237011, -0.8285103905813506, -2.96595606199918, 0.03965795394488619, -0.014182096656441273, 0.558671711020047, -0.7452877847091158, -2.968633457914602, 162605000000, 
0.5201362657455287, -0.8307884890708932, -2.9710590007366173, 0.038453888018043614, -0.005430058207231433, 0.5504447652278089, -0.744688004175877, -2.9725626736802386, 162945000000, 
0.5137273334668668, -0.831888160704093, -2.972424218430757, 0.038259657671693, -0.009660954672870438, 0.5395268150967432, -0.7463134541544705, -2.9720220623085654, 163115000000, 
0.5011414986728668, -0.8340225669053914, -2.974187771301258, 0.03668936268578031, 0.0005186150649517544, 0.5199142105227047, -0.7632245162420996, -2.9757994079133394, 163455000000, 
0.49269045909514925, -0.8354537952128162, -2.973155919641138, 0.03583213291533972, 0.007938469931595834, 0.5187775119498588, -0.7570570985725342, -2.9653530551460214, 163693000000, 
0.4785339730488162, -0.8378812055600113, -2.9703541632922446, 0.034722963350868816, 0.006896863302812827, 0.5026503716474419, -0.7613994686689153, -2.970910404155017, 164101000000, 
0.47291045025199835, -0.8388494567019761, -2.972653203407152, 0.033098276201872764, -0.014038881056079252, 0.4916218567000193, -0.7493127463957542, -2.9725165560244764, 164271000000, 
0.46080704351562957, -0.840870140694553, -2.97917605449459, 0.0327404761479618, -0.014083570549359917, 0.48498661235550394, -0.753535004267683, -2.9755948121409195, 164645000000, 
0.45225746900455743, -0.8422543121579242, -2.983082978455724, 0.031276761005292135, -0.014225513716694055, 0.47547425686798206, -0.7561972717199096, -2.9850262364239755, 164917000000, 
0.44094357231344933, -0.844080568541825, -2.9778359225928512, 0.030404185258476837, 0.023316963386475646, 0.4703196196910633, -0.7559336879048855, -2.97912380655204, 165291000000, 
0.43489305780779536, -0.8450920997731698, -2.974147410978705, 0.029856739995602052, 0.0172668315725655, 0.45974564225470443, -0.7647362829032994, -2.9722781588699734, 165495000000, 
0.42409908531301854, -0.8469537372758904, -2.966722407057811, 0.028865697263840653, 0.021385799237274204, 0.4460425742160772, -0.7755528448714812, -2.9652148602647324, 165869000000, 
0.4164615712350847, -0.8483242785872495, -2.9611535442231927, 0.028395020052811824, 0.020409046508944137, 0.44521211986133014, -0.7660197191557672, -2.9604282135096147, 166141000000, 
0.4090286092475107, -0.849687450918161, -2.960507940825211, 0.027396027882299313, -0.005843482891034231, 0.4357115931231409, -0.7716533224769088, -2.9591031585314678, 166413000000, 
0.4019186514388985, -0.8509701487089375, -2.967657548624347, 0.02606000895974049, -0.03649565392567557, 0.4259245913663178, -0.7720380351385568, -2.9653604620315415, 166685000000, 
0.3940602842198882, -0.8523260455028214, -2.972579152782221, 0.02607687429847096, -0.013174906451567202, 0.41338337613453663, -0.7679485719682334, -2.9749421453234164, 166991000000, 
0.3846145752043825, -0.8539102717544367, -2.9796407754984027, 0.02516589647445715, -0.022334821424696682, 0.41684195532818447, -0.7737010345661685, -2.9729779942760133, 167365000000, 
0.3780045625648966, -0.8549736391341267, -2.98432524457199, 0.024278881113260316, -0.014252121324383136, 0.4012510985754899, -0.7671675193911177, -2.9850508693210265, 167637000000, 
0.371662623979889, -0.8559790655948584, -2.982871646581748, 0.023199975871487376, 0.014689800433736239, 0.3945389786925654, -0.7728383079913848, -2.9845585088289615, 167909000000, 
0.36539582052776054, -0.8569831435782759, -2.9838818420796547, 0.023411014035209555, -0.010851589658186115, 0.3883017411955264, -0.7697049398960057, -2.980612937773185, 168181000000, 
0.3593239047613545, -0.8579587207698794, -2.978221729083037, 0.022070716948864425, 0.03464308057699828, 0.3882539133066979, -0.7779143469024326, -2.972874669462977, 168453000000, 
0.3512908393180402, -0.8593225764158979, -2.9697261360587426, 0.021440893792411427, 0.014678550604404577, 0.37516115898310776, -0.7772903346022256, -2.968236417320758, 168827000000, 
0.34563775817918335, -0.8603203476686277, -2.9630437095949644, 0.020913925551350705, 0.028593744542746453, 0.37498484065804844, -0.7783391966570072, -2.9641526208225115, 169099000000, 
0.3400528273062303, -0.8613344146274865, -2.9627386012593897, 0.02084493972401552, -0.011020479914973754, 0.36820682054915355, -0.7787920542207516, -2.961363169893381, 169371000000, 
0.3340060869886427, -0.8624233806947199, -2.96364590806069, 0.019666953309714953, -0.002213978330986579, 0.3595204053100334, -0.7807353257430274, -2.9613340841490507, 169677000000, 
0.32874280716768667, -0.8633646290552855, -2.9658224520424197, 0.019650240773666592, -0.008239709278174008, 0.35470148506889937, -0.7797263492423449, -2.9699146420685953, 169949000000, 
0.3235774781859528, -0.8642758125698164, -2.968197192897271, 0.01905558656237678, -0.008603560959761723, 0.3465028645180645, -0.7826303442094987, -2.966581409135957, 170221000000, 
0.3186030884192188, -0.8651407600510574, -2.9709320744939194, 0.01826469756134855, -0.010691099489829993, 0.3421575415682041, -0.7872107137613601, -2.9697964940945574, 170493000000, 
0.3119473458899947, -0.8662800180208223, -2.9718972158910697, 0.0178652558826586, 0.005157889841500474, 0.334131858724519, -0.7848550878985633, -2.9685057181487857, 170867000000, 
0.30729119433996144, -0.8670776359289619, -2.9725839042210693, 0.01716926392751868, -0.005484811079439389, 0.3369466516082962, -0.7861782731749765, -2.975253437887913, 171139000000, 
0.3027859313601528, -0.8678392816948859, -2.9767822105593598, 0.01663808242564168, -0.02034577607827669, 0.3223698011636868, -0.7898761681940281, -2.973963521794814, 171411000000, 
0.2984395316195054, -0.8685559948094178, -2.9788644657832193, 0.0160141850766481, -0.0026002952704155128, 0.3182351320516583, -0.7912591811098475, -2.9780254557154384, 171683000000, 
0.29253385411957455, -0.8695196749865163, -2.9812135883114705, 0.015225282779860058, -0.015524686501931933, 0.31320989363271257, -0.7890263658611826, -2.9830134947582416, 172057000000, 
0.28850627993956784, -0.8701633989913135, -2.9851844658121123, 0.014824004248301995, -0.014817518440978667, 0.31571575797992074, -0.794600846600132, -2.9822740561901835, 172329000000, 
0.2845856392699295, -0.8707742477188183, -2.989176514645524, 0.014434412733632846, -0.014848622967615849, 0.31190115777462735, -0.7926851914080852, -2.9888263520663374, 172601000000, 
0.2807793847406873, -0.8713568035340592, -2.989174837950176, 0.013990689963725274, 0.006815858267732514, 0.30323683582300914, -0.792532376984376, -2.9868363000717024, 172873000000, 
0.2755596158602842, -0.8721439362697851, -2.996590296788893, 0.013942284220427524, -0.00796196366258815, 0.29642973626144264, -0.7884463692998894, -2.9977627499540342, 173247000000, 
0.2718234754609335, -0.8726860912464884, -2.998706037227909, 0.013843316696901885, -0.007269197397209987, 0.2910370497339364, -0.7883426861827046, -3.000856010411096, 173519000000, 
0.26778456821610264, -0.8732644116110354, -2.999797653491948, 0.013074240217143906, -0.002854983430671467, 0.28862680423351167, -0.7929811747813268, -2.9987524903624485, 173825000000, 
0.26439040074082704, -0.8737606582754361, -2.9911144223447126, 0.012464726465538353, 0.033069937098368966, 0.2886433328083398, -0.7947492552691314, -2.9884256182658793, 174097000000, 
0.2607288300505561, -0.8743388923402043, -2.9773569823652117, 0.011962275694368224, 0.04663874851921078, 0.2796737031656565, -0.8038323112182878, -2.9742739444787567, 174403000000, 
0.25756685982676547, -0.8748738115404349, -2.9710004386608087, 0.011714255791985487, 0.02255094291526289, 0.28321940690781533, -0.7906895380756529, -2.9703754112421916, 174675000000, 
0.24224907808248902, -0.8773887584176937, -3.006740662870465, 0.14848765789692017, -0.7235697899220542, 0.24414140180408156, -0.7965124236081703, 3.1188990616970944, 174947000000, 
0.18541936783574087, -0.8801609685073344, 3.107396186896326, 0.17220438078839342, -0.5098089312852588, 0.21985363294921723, -0.7767293423880192, 3.1105351188663493, 175287000000, 
0.1388809933844616, -0.8753976666431335, 2.9711226270193025, 0.17133328593149064, -0.5013561787511249, 0.18077433178659805, -0.7995791453108667, 3.022171885056286, 175559000000, 
0.09369820207126468, -0.8644518195801372, 2.8351892382236494, 0.17003757773808967, -0.5001590880211088, 0.11078678261888193, -0.7765397879029786, 2.8233535209418923, 175831000000, 
0.056123404721545804, -0.850088687092866, 2.716208351315285, 0.16770004926437676, -0.49995545513171824, 0.0797866143652106, -0.7754741359066809, 2.725996433274058, 176069000000, 
0.0015571716369275077, -0.8189640691648316, 2.529252491935757, 0.16824149112553888, -0.4999975028383931, 0.02421658424281991, -0.7456340514270182, 2.533250861935946, 176443000000, 
-0.033526243209583924, -0.7906304550473222, 2.3933082005383963, 0.16476774574102104, -0.5001409555327363, -0.004250981849524427, -0.7144537980044231, 2.4219772613802757, 176715000000, 
-0.06397315664083134, -0.75828228711222, 2.2573032798688475, 0.16293061730612635, -0.5000256014916421, -0.05415422291753508, -0.6705560532502457, 2.221430403843666, 176987000000, 
-0.08929934041305271, -0.7227494657585948, 2.1213658624667713, 0.1588504768063077, -0.49969079486243906, -0.0629922806343474, -0.6517505634426203, 2.121156823615591, 177259000000, 
-0.11139507827440892, -0.6803265003918472, 1.9827397532806867, 0.15505453016068604, -0.4445248199190451, -0.08975855094406678, -0.587011594263839, 1.9450299116237402, 177565000000, 
-0.12914471145890294, -0.6310029667118064, 1.8609586668563003, 0.150514577707471, -0.2670140013234683, -0.10301453897429742, -0.5504548356311891, 1.8765973940370468, 177905000000, 
-0.13441186500667826, -0.6104669216007489, 1.7785132618886732, 0.12219510622413376, -0.5255763289173231, -0.10962923335113368, -0.5305569800347161, 1.785909355798852, 178075000000, 
-0.13937776611610292, -0.5639541292015484, 1.5738151728292118, 0.11242469319242898, -0.5003259118438933, -0.11479480413596142, -0.4837419680765796, 1.5813102640011012, 178483000000, 
-0.13745443874887134, -0.5340492032864516, 1.4378718152323817, 0.10919770723014749, -0.4997918136704904, -0.11990417732052223, -0.4612406682745306, 1.4837112822408831, 178755000000, 
-0.1315616550311164, -0.5050221544105514, 1.301929010784014, 0.10863033739488118, -0.4998706329875735, -0.11157041793739099, -0.42743663692506567, 1.289031331668394, 179027000000, 
-0.1220686453409155, -0.4776165520186614, 1.1728999319078386, 0.1051894715914963, -0.4602210302833444, -0.10157296772303327, -0.39726111964176275, 1.1886201740432287, 179299000000, 
-0.10960268256518081, -0.4521456001049735, 1.0611023566680944, 0.10355119815552224, -0.3875963065284165, -0.07971781532424466, -0.35076245891547747, 1.0233267827043855, 179571000000, 
-0.08829033375585363, -0.4192991584929811, 0.9428177102703852, 0.10045358447057347, -0.21749367017235832, -0.0711721885628581, -0.3487770371707293, 0.9654741000997695, 179945000000, 
-0.06987122270539724, -0.3954186795561619, 0.8884720925761574, 0.09755019220300945, -0.16934267415682278, -0.03934295792475897, -0.31503669063948303, 0.8883596021536229, 180251000000, 
-0.0554708429630489, -0.37805383021849254, 0.8742873407628515, 0.09343763381709276, -0.010473518377847851, -0.03392531150000156, -0.3010458082146052, 0.8771067755714784, 180489000000, 
-0.03734222337343756, -0.3564020577087844, 0.8773485179715274, 0.09202111686120076, 0.031040715139536476, -0.025224447487133254, -0.28023926494377466, 0.8768604543212218, 180795000000, 
-0.02206701132091413, -0.3376303625109076, 0.9016255257005937, 0.08775750922463152, 0.0912803164282687, -0.003323512674284175, -0.25569546348168776, 0.8960752911524023, 181067000000, 
-0.0041516723679973, -0.3141613034385257, 0.9374612088624777, 0.08645760988006565, 0.10704147059127488, 0.026106930428996408, -0.23483796494292825, 0.9442231705560041, 181407000000, 
0.009232380368337527, -0.29540109800894654, 0.965743285230096, 0.08446507734509297, 0.10395182393709565, 0.03700022344919073, -0.21143148193399053, 0.9719956925728332, 181679000000, 
0.026315161825402226, -0.2697492502877873, 1.0011914945504168, 0.08157166624472695, 0.09182247005391035, 0.04774867005965447, -0.18796577893796457, 1.0034462966124473, 182053000000, 
0.03359895315265151, -0.25820415027585847, 1.0140764466342018, 0.07945876544367511, 0.07221591440721602, 0.0575013093645601, -0.1804120054729219, 1.014806154965732, 182223000000, 
0.048683895307140644, -0.23337446575797893, 1.0334401516588485, 0.07639757049889274, 0.037415510157697486, 0.07098185341184665, -0.16050327495739025, 1.0284788438008774, 182597000000, 
0.059074006964298355, -0.21581046970484163, 1.038187660032707, 0.07446989784271671, 0.008047220370068182, 0.08394646835282278, -0.13919453474636145, 1.037973960890654, 182869000000, 
0.06920520980986908, -0.1985824785174102, 1.039806050757211, 0.07319942477406377, 0.004415366947620604, 0.09478972683509387, -0.11925237858941366, 1.0403556509733394, 183141000000, 
0.07909620777076945, -0.18174160433111958, 1.0389256403984182, 0.0712252593796814, -0.006515776969337908, 0.10206660280198679, -0.09973156232533993, 1.0406296946678006, 183413000000, 
0.0887184780253335, -0.16543556080163183, 1.0356987740646357, 0.06905747237049903, -0.01439290326299731, 0.1181016288452248, -0.08174442820951995, 1.036296549413963, 183685000000, 
0.10170914021123012, -0.14365188197005407, 1.0297884748901862, 0.06698321916665435, -0.017588083862815698, 0.12856282120676185, -0.06256539844037608, 1.0285741856889379, 184059000000, 
0.11093450357908596, -0.1283857521474023, 1.0240762982582394, 0.06512494055237242, -0.022560816287816227, 0.13851009732360806, -0.062265910230722483, 1.0302929816269708, 184331000000, 
0.12107166070222729, -0.1118239462475977, 1.0192561446719763, 0.06271665400571354, -0.014715114760306179, 0.14642678489362082, -0.027704410266732416, 1.0196444482676477, 184637000000, 
0.12873655218366556, -0.09939751716891831, 1.0170005051702182, 0.060974608955453896, -0.00846063536443774, 0.15600104516615385, -0.014726905964516717, 1.0177527678640668, 184875000000, 
0.14062505205278153, -0.08020336367482281, 1.016136725091972, 0.0601994713215314, 0.0002114227494575321, 0.15981235672217292, 0.007583075983074985, 1.015317450051875, 185249000000, 
0.14693317023117636, -0.07002547380498149, 1.0155108710780978, 0.05761938654364279, -0.004046114749958434, 0.1662734264609061, 0.020911923728510255, 1.016798118343243, 185453000000, 
0.15406582737138982, -0.05854362455820932, 1.0145919435514994, 0.0562035939607434, -0.00257966311962203, 0.18105725667836184, 0.02411122368994323, 1.0184929638229716, 185691000000, 
0.16493438213027908, -0.04109649655354031, 1.0118471988875237, 0.05385824271227738, -0.012639572492762466, 0.18704105852625189, 0.045780755047707525, 1.0186920567870517, 186065000000, 
0.17070228884952138, -0.031902495567974656, 1.0089773437216822, 0.052772810500135256, -0.014882420328417342, 0.1984365713976261, 0.05719768494973231, 1.01352912489972, 186269000000, 
0.18016589450502327, -0.01693019971753445, 1.0065061256986791, 0.05172303218776218, -0.000514315143027302, 0.2045733421144288, 0.06851647263119762, 1.0081288170256628, 186609000000, 
0.1875033950851583, -0.005360905055353612, 1.0041339859137655, 0.04968331272174606, -0.0120548567135274, 0.21432905876158637, 0.0808374721550397, 1.000723088692893, 186881000000, 
0.1963919512375843, 0.008582856541235306, 1.0029730756100723, 0.04820403515594637, -0.0015274218521490553, 0.21406177072005914, 0.09727588353178744, 1.0012705581517964, 187221000000, 
0.20163557805630813, 0.0168020500630693, 1.0030602208374653, 0.047415950005443866, 0.00103369543660012, 0.2218721366435937, 0.10350545042204264, 1.0018472810144337, 187425000000, 
0.21010936900012284, 0.030111779788297047, 1.0055071668075013, 0.04585649246524745, 0.011553949090747641, 0.23444656445904086, 0.10592645281701762, 1.0051164018115442, 187765000000, 
0.21665017353475674, 0.040430727848675165, 1.0053419797839662, 0.04462154337818426, -0.005638611316956144, 0.25179138157521913, 0.1199988851402308, 1.0026123701281797, 188037000000, 
0.22309413876070125, 0.05057397254476788, 1.00463944535263, 0.04383012111070373, -0.0006909834585794858, 0.24725922981230633, 0.13576683066570258, 1.0041286918015402, 188309000000, 
0.23097513924311966, 0.06298873324130401, 1.0069437459017871, 0.04286754930301419, 0.016240366443753075, 0.2545108490314038, 0.14342398263396353, 1.0087979777462701, 188649000000, 
0.2369907395959087, 0.07256532816689316, 1.0139938409094034, 0.0408099689161668, 0.03132209485730521, 0.2705935766456966, 0.157432814086173, 1.0127685762314291, 188921000000, 
0.2427526252305968, 0.08186804599120098, 1.0173039434315272, 0.03986373433054098, 0.00409562491076238, 0.266422346905848, 0.1658161171394108, 1.0165735754025587, 189193000000, 
0.24836198279170824, 0.09096269785081156, 1.0190276574050705, 0.03892780952967029, 0.006436838474549781, 0.2739405971034724, 0.17694060081091553, 1.0213418109407708, 189465000000, 
0.2537365192595265, 0.0997224921381179, 1.022627131021841, 0.037125400801854835, 0.016420672996618917, 0.27660727594649365, 0.17815273256858133, 1.0170364593200962, 189737000000, 
0.2602506668285581, 0.11040528232460509, 1.022779765233066, 0.03668746262943426, -0.0034055325490430755, 0.2854813492277836, 0.19801713858228037, 1.023722239513926, 190077000000, 
0.2653546151188533, 0.11875321969287685, 1.0211322715453983, 0.0356491047493531, -0.007044425980521285, 0.2955045727046645, 0.20806320822387184, 1.0234707558685363, 190349000000, 
0.2703773036790979, 0.1269443219912396, 1.0207294375501386, 0.035250738396161586, 0.0009045484421155673, 0.29679828700052974, 0.22101333127415815, 1.0203669173152319, 190621000000, 
0.27531231571407505, 0.13498971839142523, 1.019537892434054, 0.03365182068998025, -0.009089126673360154, 0.29913509536432975, 0.21357262757841108, 1.0208529171390024, 190893000000, 
0.28002886750915107, 0.14263800211532618, 1.0172131125799746, 0.03229764056803683, -0.005575472454192444, 0.3026597330790067, 0.22602508655264303, 1.0184921896695032, 191165000000, 
0.2857049007502318, 0.1517980818171798, 1.013897551875179, 0.03119039965880643, -0.017113509891977886, 0.3125729131897156, 0.2418120135890649, 1.0142414651406633, 191505000000, 
0.2885136260594216, 0.15629971511040971, 1.012677354756147, 0.03134585801545093, -0.004956085286334712, 0.31401555784348245, 0.23862435148662545, 1.0138325975604379, 191675000000, 
0.2941165066817697, 0.16526398683692878, 1.0111818009119016, 0.030544852198127123, -0.006537819969706362, 0.3251558383418171, 0.2582137680365689, 1.008537295177561, 192015000000, 
0.298390344028289, 0.17207252239000562, 1.0094598449899361, 0.028916593523514597, -0.004355622521684363, 0.32655281465667013, 0.24757308730504216, 1.0086354821783596, 192287000000, 
0.3041201211392178, 0.18118591236962148, 1.0100539890714986, 0.028834958193143367, 0.0036891138444119587, 0.3363650704171821, 0.2646379387923689, 1.0069244178131034, 192661000000, 
0.3076268661410068, 0.1867759073587114, 1.0111529758121125, 0.027141172492134474, 0.005737132268591834, 0.3353044700921993, 0.2718697253541974, 1.0132934849418098, 192899000000, 
0.3125231447896545, 0.19463233442032182, 1.0173062511970912, 0.02752278004999282, 0.0219324890670914, 0.33940919247224566, 0.28819191549839296, 1.0142072766023085, 193239000000, 
0.316223125333875, 0.20066301318696858, 1.0239791303233161, 0.02574581385651866, 0.024521837618965047, 0.3388139067423905, 0.28348060857821217, 1.0220127194859943, 193511000000, 
0.32114776945217727, 0.20879354515836898, 1.0274668007315613, 0.025286884024821085, 0.004308501381454435, 0.3442319614088823, 0.297707049746088, 1.0251036883514413, 193885000000, 
0.32327089738692394, 0.2123019386937848, 1.0256833464931019, 0.023908331748845768, -0.013919617555048034, 0.3558605852457955, 0.3016349811991208, 1.0302181124942538, 194055000000, 
0.327089207242303, 0.2185734534402435, 1.0221748595191558, 0.02419984978029982, -0.011185901941121248, 0.34484462858135057, 0.297136347911597, 1.0207247109862072, 194361000000, 
0.33047003742576225, 0.22408177737801202, 1.0174826164834885, 0.02315785524154682, -0.021022816331599182, 0.35045330144084996, 0.30973020337566426, 1.0198637690763528, 194633000000, 
0.334517586502207, 0.2305945977772521, 1.013703680148747, 0.022186989873447374, -0.0006471041196281382, 0.3558365617150434, 0.31584316012877917, 1.0130686874868287, 194973000000, 
0.33818509162685223, 0.2364608987644288, 1.0094227989243352, 0.022928321125631763, -0.015832994207188703, 0.37361929344690453, 0.3237448293597866, 1.0113941943927256, 195279000000, 
0.3413966994926366, 0.24153584225354047, 1.0031530312762542, 0.021743031158004023, -0.023222559362923167, 0.3648246065346224, 0.3232051678096919, 1.006309437516199, 195551000000, 
0.3445195756101812, 0.2464073333091588, 0.998591648970853, 0.02099647565109315, -0.013433418522189641, 0.37701955713243895, 0.32800638781613367, 0.9968173415082017, 195823000000, 
0.347464166263727, 0.2509897673072681, 1.0032739464089167, 0.019491319695610076, 0.03149029836559666, 0.3736079159456463, 0.3441121479978008, 1.0038728133033132, 196095000000, 
0.35034273872300115, 0.25552607321232085, 1.0062014234284258, 0.01989313875943246, 0.0031335225594744964, 0.37312417367624423, 0.3328072713684676, 1.005051436220531, 196367000000, 
0.3531829031217689, 0.2600280416608944, 1.0125425126102292, 0.01912022190999687, 0.03512611674294215, 0.37990187405428344, 0.35044007629104584, 1.0156070331964817, 196639000000, 
0.3558571768927534, 0.2643578713883019, 1.0190890411964741, 0.01813425265487585, 0.004363345101600838, 0.3747388136222903, 0.34766134846438745, 1.0192446900549545, 196911000000, 
0.3594558832239412, 0.27020383383799007, 1.0208162650120176, 0.01879263219486528, 0.01599102319408694, 0.38930806401174434, 0.35659670975962204, 1.0202293815683252, 197285000000, 
0.3610658433379514, 0.27283216951609573, 1.0206184487147512, 0.01769354097982407, -0.0049624929147484365, 0.3871796781807105, 0.3556193247211633, 1.0245050394849649, 197455000000, 
0.3651096729403082, 0.27937758872792695, 1.012834873992395, 0.01667063128722292, 0.012069282417203581, 0.3927317569667041, 0.3650003676261306, 1.0124966025063562, 197897000000, 
0.36746809821467324, 0.2831669691619703, 1.015166928126197, 0.016226031161289026, 0.009470695797235782, 0.3980691622053857, 0.35907646396345066, 1.011018853893605, 198169000000, 
0.36981303164222906, 0.28694668036553367, 1.0152545688750836, 0.016428729516968287, -0.0029207856559393796, 0.393580746480563, 0.3638591759635692, 1.013650852838544, 198441000000, 
0.37207878780047815, 0.2905998566075628, 1.0165408905372604, 0.01544600310769521, 0.0078711590286255, 0.3954869181916604, 0.375566598805309, 1.0133142460723048, 198713000000, 
0.3742862722091896, 0.29419434836809416, 1.0261257785537437, 0.015573328040545745, 0.04802403503041698, 0.3959236741297603, 0.375989899139132, 1.0189495487320555, 198985000000, 
0.37645975291310424, 0.29781125394306507, 1.0317842202631198, 0.01547562541881856, 0.009716326838907793, 0.4030155291547474, 0.3843283076222958, 1.031012265683812, 199257000000, 
0.37853980547587995, 0.3012901423798291, 1.0307088518560472, 0.014546991364642535, -0.011504964968934654, 0.4005022513070132, 0.38178539805631645, 1.0357997481320647, 199529000000, 
0.3800636391424524, 0.30382525881756195, 1.0282073322513523, 0.014484092767052469, -0.013575204607955653, 0.40636178168526765, 0.3788075320831399, 1.0237805963247038, 199733000000, 
0.3827670142798089, 0.3082816724063673, 1.0224832301472808, 0.013500992941837191, -0.015709656585758017, 0.40440848976189164, 0.39211738654084355, 1.0242265630266156, 200107000000, 
0.38447093401391474, 0.31105749586365233, 1.0173546679599825, 0.013788819613652036, -0.025591462415164083, 0.40837509232774044, 0.40250946352354877, 1.0229121623848911, 200345000000, 
0.3866859154769305, 0.3146361644687812, 1.0191614640526454, 0.013698633580282582, 0.025413605636447133, 0.40678855269481595, 0.3974363142668241, 1.0232740398508828, 200651000000, 
0.388092954689882, 0.3169181805725855, 1.0154659929071526, 0.012881204880921189, -0.03561430815811501, 0.4064714605851201, 0.4083876787277037, 1.0119292748250746, 200855000000, 
0.3903504862650166, 0.3205166442362145, 1.0036818931932578, 0.012086588395169722, -0.04356076114953124, 0.40963881303482186, 0.4033596059046448, 1.0087729696774794, 201195000000, 
0.3921385031321366, 0.32329368158180677, 0.9937937502703068, 0.01236027256097612, -0.031126255267440443, 0.41461730876832165, 0.41064586284336274, 0.9972409078362966, 201467000000, 
0.39369793500763006, 0.325663356003188, 0.9808883688493479, 0.011655200172531608, -0.06993704686220614, 0.41892213093122804, 0.4120366599073423, 0.9834125291717027, 201705000000, 
0.3952579798659972, 0.3279643214649476, 0.9703741662925385, 0.01175184832636142, -0.035160901835620866, 0.418848920176648, 0.4138510242966636, 0.9705562898890648, 201943000000, 
0.3972535855602186, 0.3308585862353279, 0.9637565277805924, 0.011069992685517345, -0.017764011262355498, 0.4247486254508652, 0.407281796140269, 0.9638539959250157, 202249000000, 
0.3991301390719428, 0.33355909023820485, 0.965211082901969, 0.010579784613779042, 0.017969418418650462, 0.4260424078801256, 0.4162670604922556, 0.960478285124854, 202555000000, 
0.4003488797292157, 0.33532535685661263, 0.9686270246750007, 0.010461906645161076, 0.018407270371156758, 0.4270968400838534, 0.40509400023920766, 0.9660100625636089, 202759000000, 
0.40215051517063244, 0.3379767902601745, 0.9850555657032692, 0.010523047259608159, 0.09613921183591867, 0.4246683571253968, 0.421943375046097, 0.9853433919346967, 203065000000, 
0.40383876701066906, 0.34058249474989505, 1.0068390671470024, 0.0098386730475772, 0.06065099803455175, 0.42122282850234627, 0.42247120179576697, 1.000228864895162, 203371000000, 
0.4058453682713676, 0.34386201957241086, 1.0414840584557354, 0.010567052574990663, 0.10410346073789259, 0.4384633672822228, 0.42723744964903637, 1.038676906571701, 203745000000, 
