x, y, theta, stamp, 
-1.0112553026394833, -1.0120601723952756, 0.4300041064487758, 1254771000000, 
-1.0112552918264393, -1.01206016741325, 0.43000410782758186, 1254805000000, 
-1.0102066782958297, -1.011579426477039, 0.4301083155429244, 1254839000000, 
-1.008514120492589, -1.0108045382974602, 0.4273110789344214, 1254873000000, 
-1.0062829157681676, -1.0098008871049018, 0.4149425244867246, 1254907000000, 
-1.0034875587866432, -1.0085999299325217, 0.393704054739372, 1254941000000, 
-0.9961470103785556, -1.0057888677323716, 0.3336572517453205, 1255009000000, 
-0.980643808198562, -1.0016286057571857, 0.18523674282348543, 1255111000000, 
-0.9594202137656886, -0.9998752758785889, -0.02582575280153127, 1255213000000, 
-0.9368321963658852, -1.0029864866005067, -0.2443082725210109, 1255315000000, 
-0.9154096686916211, -1.0107592807545431, -0.45418194035691145, 1255417000000, 
-0.8959437660008486, -1.0225265069262148, -0.6296379254900965, 1255519000000, 
-0.8787589944038852, -1.0373899702809335, -0.7932760129321847, 1255621000000, 
-0.863767736235669, -1.0543552112781505, -0.899357092933088, 1255723000000, 
-0.854753012656353, -1.066444646558906, -0.9620414321721362, 1255791000000, 
-0.8425619356578051, -1.0854693462096476, -1.0421605736457327, 1255893000000, 
-0.8320341677641873, -1.1051220600937965, -1.121274690615056, 1255995000000, 
-0.8231590496655675, -1.1254764913516986, -1.199965988668779, 1256097000000, 
-0.8159641260193704, -1.146609948860942, -1.2880866718364756, 1256199000000, 
-0.810627978737691, -1.168483944711903, -1.3748284268802418, 1256301000000, 
-0.8081108815692964, -1.1832879425069458, -1.4317872991754996, 1256369000000, 
-0.8059754472680638, -1.2053804894553735, -1.5184497290395405, 1256471000000, 
-0.8057000458821628, -1.2275222600143205, -1.598834143733207, 1256573000000, 
-0.8071056116736952, -1.2499243661944113, -1.6664867565137742, 1256675000000, 
-0.8098785073939956, -1.2723028912398564, -1.7220988903102594, 1256777000000, 
-0.8138550903764553, -1.2944902740707074, -1.7723955846422241, 1256879000000, 
-0.8188752851183687, -1.3164539857969964, -1.8177244012329021, 1256981000000, 
-0.8227452194053703, -1.3309614433187142, -1.84642272353414, 1257049000000, 
-0.8293118875151854, -1.3524978477839973, -1.8879557506456253, 1257151000000, 
-0.8367817225940122, -1.3737371233144893, -1.9302460626223632, 1257253000000, 
-0.8451348705001217, -1.3946463296544367, -1.9718280688144467, 1257355000000, 
-0.8543296428948958, -1.4151995219590545, -2.01175539838875, 1257457000000, 
-0.8643155532100809, -1.435377790690489, -2.0488872251443118, 1257559000000, 
-0.8750224086361675, -1.4551794711875483, -2.083688284840814, 1257661000000, 
-0.8863789530549725, -1.4746056168853587, -2.11544799934004, 1257763000000, 
-0.8942726049859501, -1.4873560396165317, -2.135400851579483, 1257831000000, 
-0.906539139886598, -1.506163339611329, -2.1626089976315837, 1257933000000, 
-0.9193204867761035, -1.524656305714, -2.188093886831928, 1258035000000, 
-0.9325531795291127, -1.5428384192412432, -2.21182408827037, 1258137000000, 
-0.9461941105339962, -1.5607120543602593, -2.233631771950692, 1258239000000, 
-0.9602133627047591, -1.5782852172733577, -2.254510699348591, 1258341000000, 
-0.9697563176163354, -1.5898384674953374, -2.2681002805792088, 1258409000000, 
-0.9843528197905019, -1.6069287215325796, -2.2874306989637447, 1258511000000, 
-0.9992660761581704, -1.6237422588684851, -2.3056040948931527, 1258613000000, 
-1.0144743970202605, -1.6402888748451834, -2.3227988825483794, 1258715000000, 
-1.029951850805088, -1.656580428281946, -2.3384351914532764, 1258817000000, 
-1.0456743389759275, -1.6726312592850554, -2.3531231077989085, 1258919000000, 
-1.06162060963437, -1.6884557528419328, -2.3669484981478983, 1259021000000, 
-1.0723682354932307, -1.6988850263971427, -2.3757772579212, 1259089000000, 
-1.0886536370320425, -1.7143569867582895, -2.3881024718701758, 1259191000000, 
-1.0996136604210687, -1.7245619487334192, -2.3958306052034186, 1259259000000, 
-1.1161993633289022, -1.739710839217953, -2.4070540591454193, 1259361000000, 
-1.1273475573861946, -1.7497078364610057, -2.4141251445786436, 1259429000000, 
-1.1441944763221272, -1.764560365524087, -2.4240627849442693, 1259531000000, 
-1.161182845089776, -1.7792480207975498, -2.433338833665092, 1259633000000, 
-1.1783047450241118, -1.7937786471929094, -2.442272785021302, 1259735000000, 
-1.1955484235566458, -1.8081633447094625, -2.450389295794441, 1259837000000, 
-1.2129060469034971, -1.8224096243846564, -2.45809341014829, 1259939000000, 
-1.2303691365962348, -1.836524784303634, -2.46542186551436, 1260041000000, 
-1.2479314231031553, -1.8505142307130995, -2.4722918424385796, 1260143000000, 
-1.259690922227148, -1.8597748510575338, -2.476691255996982, 1260211000000, 
-1.2774030274105959, -1.873571779080471, -2.4828772748723256, 1260313000000, 
-1.2951977635990566, -1.8872615417724476, -2.488713484830797, 1260415000000, 
-1.3130688045612455, -1.9008505473034711, -2.4941463503550625, 1260517000000, 
-1.3310097717571228, -1.9143453892373732, -2.4991030932145604, 1260619000000, 
-1.3430068422412813, -1.9232927043138182, -2.5023312220028284, 1260687000000, 
-1.3670818140352738, -1.9410764534740121, -2.5082615099622414, 1260823000000, 
-1.379157873195867, -1.9499155350982573, -2.5111205638887752, 1260891000000, 
-1.3973172185699678, -1.9631117088710721, -2.5151410194579205, 1260993000000, 
-1.4155280287995373, -1.9762363668313974, -2.518970052486526, 1261095000000, 
-1.4337873371232706, -1.9892926032759397, -2.5226022405175637, 1261197000000, 
-1.4520910493485797, -2.002285204848443, -2.525906970531014, 1261299000000, 
-1.470436733829545, -2.01521780686885, -2.529032728198454, 1261401000000, 
-1.4826887806630946, -2.0238085886271775, -2.5310523608217936, 1261469000000, 
-1.5010977585794725, -2.036650107710907, -2.533878049479532, 1261571000000, 
-1.5195414220307146, -2.049441263848343, -2.5365146192395716, 1261673000000, 
-1.5380176670191688, -2.0621848823733466, -2.53901386515072, 1261775000000, 
-1.5565245497772677, -2.074883329718861, -2.541382881606156, 1261877000000, 
-1.57505996603832, -2.0875392644145263, -2.54354489574534, 1261979000000, 
-1.5936220227666988, -2.1001559046548923, -2.5456202041544906, 1262081000000, 
-1.612209359291601, -2.1127349870547394, -2.547583814827144, 1262183000000, 
-1.6308203279391618, -2.125278616998871, -2.549424503720742, 1262285000000, 
-1.643239959702005, -2.133622496910107, -2.5506050620171106, 1262353000000, 
-1.6618871802887127, -2.1461115815055383, -2.5522762690505583, 1262455000000, 
-1.6805544954812834, -2.158570354328768, -2.5538515515752236, 1262557000000, 
-1.6992404926407725, -2.171000576698802, -2.555322465013771, 1262659000000, 
-1.7179438808162653, -2.183404220809293, -2.55667471183593, 1262761000000, 
-1.73042205375824, -2.1916593860758984, -2.5575562638505946, 1262829000000, 
-1.7491521395299436, -2.2040223903809375, -2.5587920360468766, 1262931000000, 
-1.7678969863692962, -2.2163626699625825, -2.559965898315512, 1263033000000, 
-1.7866557899151276, -2.2286815549171277, -2.5610749056314286, 1263135000000, 
-1.805427907939466, -2.240980063153478, -2.5621324577520275, 1263237000000, 
-1.8242124291763437, -2.253259190421671, -2.563107205908677, 1263339000000, 
-1.8430085929181574, -2.2655203582137453, -2.5640414602393444, 1263441000000, 
-1.8618158540082956, -2.2777644442577687, -2.564924689187135, 1263543000000, 
-1.8743598316123236, -2.285918156687362, -2.5654915175691904, 1263611000000, 
-1.8931839732144045, -2.298135806804805, -2.5662865549845564, 1263713000000, 
-1.9120175626993543, -2.310338830502478, -2.5670401734936457, 1263815000000, 
-1.9308600450812974, -2.3225280460666653, -2.5677515824863004, 1263917000000, 
-1.9497107749123233, -2.334704202146264, -2.5684203184486916, 1264019000000, 
-1.9622823682161368, -2.3428147341278702, -2.5688371708984343, 1264087000000, 
-1.9811458835973457, -2.3549709635712097, -2.569441375206686, 1264189000000, 
-2.0000164616199143, -2.3671160048512063, -2.5700164106677605, 1264291000000, 
-2.018893829996287, -2.3792505020222428, -2.5705575893529713, 1264393000000, 
-2.037473615226361, -2.391179988313418, -2.571061870318055, 1264495000000, 
-2.055611633206155, -2.402813066208303, -2.5715459337862936, 1264597000000, 
-2.0676944080399577, -2.410555779068843, -2.5718599095794636, 1264665000000, 
-2.0857983367972106, -2.422147266593004, -2.572303563083053, 1264767000000, 
-2.103462411636626, -2.433446359115579, -2.572723419970378, 1264869000000, 
-2.120752882347532, -2.4444964738885866, -2.5731227254921487, 1264971000000, 
-2.132497019580137, -2.451957942938539, -2.5887925379226164, 1265039000000, 
-2.1499958775878056, -2.4620448896490705, -2.615564822742366, 1265141000000, 
-2.1663215045515756, -2.47144175516903, -2.6212673190172975, 1265243000000, 
-2.1827465999001747, -2.4808833494747495, -2.6217600219101143, 1265345000000, 
-2.198664755712648, -2.4900208864560063, -2.619807083360469, 1265447000000, 
-2.2136518187987804, -2.4987502792078886, -2.6069969499140995, 1265549000000, 
-2.228745493970495, -2.507812351691429, -2.5958076425798366, 1265651000000, 
-2.238797536282056, -2.513964681311234, -2.589341650205254, 1265719000000, 
-2.2536243575511983, -2.5231380168363495, -2.58477757936038, 1265821000000, 
-2.2681593167072207, -2.532215875860807, -2.581948908868735, 1265923000000, 
-2.2825122330048684, -2.5411979146543198, -2.5826848548899304, 1266025000000, 
-2.2961466802797643, -2.5496925820089382, -2.585706376680203, 1266127000000, 
-2.3093005598785927, -2.557842571696565, -2.5877943871736413, 1266229000000, 
-2.318089069131274, -2.563271015351227, -2.588699290191716, 1266297000000, 
-2.3313082108100565, -2.571425508030625, -2.588936238927147, 1266399000000, 
-2.344272868087655, -2.5794287613413176, -2.5880050530491006, 1266501000000, 
-2.357059335019894, -2.5873516858968792, -2.585765369827102, 1266603000000, 
-2.365310220323375, -2.5924858099043595, -2.5840168089429905, 1266671000000, 
-2.3772510528228494, -2.5999476092791336, -2.581931501715242, 1266773000000, 
-2.3890317322651855, -2.607341897022189, -2.58015870400115, 1266875000000, 
-2.4008533104551795, -2.614786774152633, -2.5789110907947435, 1266977000000, 
-2.41212785605141, -2.621900227640666, -2.5785667657111877, 1267079000000, 
-2.423162508601204, -2.628866568081088, -2.5783162202491203, 1267181000000, 
-2.430537289966009, -2.633523884358518, -2.5782582646422285, 1267249000000, 
-2.44163184703027, -2.6405324253165814, -2.5780760870604094, 1267351000000, 
-2.452475796931386, -2.6473859608202774, -2.577792287669455, 1267453000000, 
-2.463137798808053, -2.6541310386377184, -2.5772438883902997, 1267555000000, 
-2.473328178724513, -2.660586847822711, -2.576510249238014, 1267657000000, 
-2.4831472830561365, -2.6668174218742866, -2.5757776182691496, 1267759000000, 
-2.48968696016103, -2.6709727406709924, -2.575301573335329, 1267827000000, 
-2.4995137135443404, -2.6772246031529017, -2.5746347645900007, 1267929000000, 
-2.509161709591194, -2.6833709374880512, -2.5740901906591347, 1268031000000, 
-2.5186772030211046, -2.689439161297789, -2.5736868821817254, 1268133000000, 
-2.5278099117984727, -2.6952679072694075, -2.573383004724899, 1268235000000, 
-2.5366290606561326, -2.700900305843201, -2.573101194291713, 1268337000000, 
-2.5454661503016425, -2.7065475293154933, -2.5728286566754397, 1268439000000, 
-2.554228214232962, -2.7121501684653495, -2.572544177191705, 1268541000000, 
-2.562834514638499, -2.7176568149448808, -2.5722358459552264, 1268643000000, 
-2.5685060666403445, -2.7212878333362966, -2.5720232721495666, 1268711000000, 
-2.5769046097850956, -2.726667857811887, -2.5716993400207113, 1268813000000, 
-2.5851199905267794, -2.7319342034219334, -2.57139066681048, 1268915000000, 
-2.5931377842733734, -2.7370772714284795, -2.57110364239447, 1269017000000, 
-2.5984048768307835, -2.740457583359628, -2.570932574700519, 1269085000000, 
-2.605840661315027, -2.745231908909628, -2.570695033226659, 1269187000000, 
-2.613216074287399, -2.7499697803892245, -2.570482662138347, 1269289000000, 
-2.620644804844398, -2.754744017422763, -2.57028858931012, 1269391000000, 
-2.627737469027098, -2.759304117284096, -2.570109065495686, 1269493000000, 
-2.6346536017334468, -2.7637524910578044, -2.569933948204927, 1269595000000, 
-2.6416671967215204, -2.768265240884123, -2.5697632806544606, 1269697000000, 
-2.6486216174993076, -2.7727415736084007, -2.5695973458753874, 1269799000000, 
-2.6531746549080037, -2.77567308034662, -2.5694889586468226, 1269867000000, 
-2.659911207046, -2.7800117106470306, -2.5693327799384975, 1269969000000, 
-2.6665368859968472, -2.78428036154471, -2.5691859236858825, 1270071000000, 
-2.6729963904803062, -2.788443238795037, -2.569049037637501, 1270173000000, 
-2.679115499677614, -2.7923878657267704, -2.56892514787936, 1270275000000, 
-2.68307985997835, -2.7949440337943834, -2.5688446248082686, 1270343000000, 
-2.689002712922692, -2.7987638185327195, -2.5687324831749376, 1270445000000, 
-2.69496345598671, -2.8026089633170836, -2.568626213159168, 1270547000000, 
-2.700826083546162, -2.8063916724526563, -2.5685253369243335, 1270649000000, 
-2.7065632773970747, -2.8100942283317716, -2.5684288117747305, 1270751000000, 
-2.7102449093452137, -2.8124706286872527, -2.568367998283946, 1270819000000, 
-2.715737828939553, -2.8160167504943656, -2.568280281069971, 1270921000000, 
-2.7212344167510008, -2.8195658965605053, -2.568196316144308, 1271023000000, 
-2.7266065764126948, -2.8230353340193073, -2.568117095693264, 1271125000000, 
-2.731746894970487, -2.826355584017884, -2.5680442592415322, 1271227000000, 
-2.7367466092004724, -2.8295855403371037, -2.56797472179574, 1271329000000, 
-2.7417644341215937, -2.832827662164629, -2.5679087082994085, 1271431000000, 
-2.745088143166125, -2.834975436353425, -2.567866204094787, 1271499000000, 
-2.7499948637014815, -2.838146524875363, -2.5678064581539237, 1271601000000, 
-2.754835935111155, -2.841275553305226, -2.5677496233309016, 1271703000000, 
-2.7596016636223735, -2.8443562723888163, -2.5676958854870766, 1271805000000, 
-2.7641230264938406, -2.847279359326294, -2.5676465346379684, 1271907000000, 
-2.768491409608698, -2.850103848083527, -2.567599285731328, 1272009000000, 
-2.7728826948006686, -2.8529434373226255, -2.567554138339324, 1272111000000, 
-2.7757974500473197, -2.8548283859552113, -2.5675250653019774, 1272179000000, 
-2.780103309795024, -2.8576131610940667, -2.5674840611755343, 1272281000000, 
-2.7843563950256938, -2.8603640570480566, -2.5674450141930825, 1272383000000, 
-2.7885526597939996, -2.8630784413905483, -2.567408101570527, 1272485000000, 
-2.792534911621425, -2.865654560317632, -2.5673744054451313, 1272587000000, 
-2.796380766373391, -2.8681426429741417, -2.5673421545656083, 1272689000000, 
-2.79894924850179, -2.86980442986473, -2.5673212477064253, 1272757000000, 
-2.802809866449001, -2.8723023508507373, -2.5672915025818166, 1272859000000, 
-2.8065962650596568, -2.874752395797959, -2.567263592424722, 1272961000000, 
-2.8103348763953564, -2.8771716593668915, -2.567236981855908, 1273063000000, 
-2.8139243595250982, -2.8794945688680347, -2.5672123612793536, 1273165000000, 
-2.8162446496033864, -2.8809961834505464, -2.56719644767824, 1273233000000, 
-2.8196978084985234, -2.8832310505665064, -2.5671739552568345, 1273335000000, 
-2.8231661320036476, -2.8854758604613, -2.5671524288241416, 1273437000000, 
-2.826568303808616, -2.887677927648731, -2.5671320927713874, 1273539000000, 
-2.829884441094643, -2.889824414457342, -2.5671127727727154, 1273641000000, 
-2.8330634253575777, -2.891882216319579, -2.5670949953933366, 1273743000000, 
-2.8351846849020066, -2.8932553726738184, -2.5670834000902163, 1273811000000, 
-2.838364072786164, -2.895313556663355, -2.5670669431179385, 1273913000000, 
-2.8414745873641367, -2.897327228802583, -2.567051240101291, 1274015000000, 
-2.8445339313382183, -2.8993078367779277, -2.567036584557838, 1274117000000, 
-2.8474666382421483, -2.901206534289053, -2.5670229211276703, 1274219000000, 
-2.8502996807296515, -2.903040734346051, -2.5670099976061187, 1274321000000, 
-2.8521884729821765, -2.904263633281994, -2.5670015508947084, 1274389000000, 
-2.855028481295292, -2.9061024480320174, -2.56698972233797, 1274491000000, 
-2.8578173974478998, -2.907908212964612, -2.566978370210263, 1274593000000, 
-2.8605673534759366, -2.9096888084657295, -2.566967492117511, 1274695000000, 
-2.863204758395559, -2.911396555860151, -2.566957721645114, 1274797000000, 
-2.8657511788001044, -2.9130454428789916, -2.566948312902238, 1274899000000, 
-2.8683028595569917, -2.914697740983231, -2.5669392846221277, 1275001000000, 
-2.869995772975196, -2.9157939872776795, -2.5669335516731135, 1275069000000, 
-2.8724956743110712, -2.917412831140946, -2.5669254649706827, 1275171000000, 
-2.8749595332915274, -2.9190083489530374, -2.5669175131928923, 1275273000000, 
-2.877387930739766, -2.920580932435116, -2.566910214473921, 1275375000000, 
-2.8796943426674617, -2.922074564170278, -2.566903396830846, 1275477000000, 
-2.8819222805895715, -2.92351736791669, -2.5668968835048456, 1275579000000, 
-2.8841620207297494, -2.9249678404119024, -2.5668906123787605, 1275681000000, 
-2.8863843771687367, -2.9264070881524686, -2.5668848526547183, 1275783000000, 
-2.887845183721316, -2.927353143257473, -2.5668810822401102, 1275851000000, 
-2.8900138324688793, -2.928757628327812, -2.566875770232962, 1275953000000, 
-2.892153236587246, -2.930143189025187, -2.5668706723395363, 1276055000000, 
-2.8942452734603417, -2.931498089744406, -2.5668660238889403, 1276157000000, 
-2.8962288911122402, -2.9327827896373413, -2.5668615035451667, 1276259000000, 
-2.898148280438329, -2.93402590216937, -2.5668574112799822, 1276361000000, 
-2.9000766668226783, -2.935274845774501, -2.566853215317576, 1276463000000, 
-2.9019906981701986, -2.9365145108002166, -2.5668494803700335, 1276565000000, 
-2.903250417207459, -2.937330397177854, -2.56684690121236, 1276633000000, 
-2.905122208720666, -2.9385427199573297, -2.5668434148448616, 1276735000000, 
-2.906968751520078, -2.9397386979473135, -2.5668400991211597, 1276837000000, 
-2.908182793005949, -2.9405250156980385, -2.566838056887855, 1276905000000, 
-2.909926343944022, -2.9416543174698915, -2.566835096080407, 1277007000000, 
-2.9115945141374233, -2.942734769653842, -2.566832371263752, 1277109000000, 
-2.9132477750739385, -2.943805581542666, -2.566829569495129, 1277211000000, 
-2.9148622657521237, -2.944851295756854, -2.566827289533934, 1277313000000, 
-2.916431614330298, -2.94586777315861, -2.5668246791108262, 1277415000000, 
-2.9174886437905627, -2.946552419626128, -2.566823096410271, 1277483000000, 
-2.9190898779029357, -2.94758955902038, -2.5668208863201802, 1277585000000, 
-2.9206637241134685, -2.9486089622251344, -2.566818795225112, 1277687000000, 
-2.9222088650582845, -2.949609775707556, -2.566816698548729, 1277789000000, 
-2.9237106269353808, -2.9505825011750897, -2.56681489472039, 1277891000000, 
-2.9251298812173716, -2.9515017825646015, -2.566813213811837, 1277993000000, 
-2.926548849949432, -2.952420884440317, -2.566811432866739, 1278095000000, 
-2.9279557659598003, -2.9533321833102377, -2.566809904802375, 1278197000000, 
-2.9288790423226314, -2.9539302195092656, -2.5668087853602453, 1278265000000, 
-2.930246725869465, -2.9548161100678727, -2.566807292639263, 1278367000000, 
-2.931597780916947, -2.9556912335828867, -2.566805861696302, 1278469000000, 
-2.9329238800720288, -2.956550198745651, -2.56680454141081, 1278571000000, 
-2.934205581856215, -2.9573804041027203, -2.5668032846674183, 1278673000000, 
-2.935424534646346, -2.958169970377826, -2.5668021199944424, 1278775000000, 
-2.936238806162008, -2.9586974004770368, -2.566801331935912, 1278843000000, 
-2.937462798138381, -2.9594902356795796, -2.5668002913401713, 1278945000000, 
-2.9386630325223284, -2.9602676787773445, -2.5667992150001373, 1279047000000, 
-2.939845785166675, -2.9610337986419775, -2.566798152143977, 1279149000000, 
-2.9409829002047574, -2.961770363118716, -2.5667972889520634, 1279251000000, 
-2.9420816213393093, -2.9624820606962947, -2.5667963847715667, 1279353000000, 
-2.942813703803215, -2.962956262287554, -2.566795718840666, 1279421000000, 
-2.9439138215576617, -2.963668863182307, -2.566794914157658, 1279523000000, 
-2.9449933263349584, -2.9643681139750515, -2.566794099728086, 1279625000000, 
-2.9460566982690928, -2.9650569148476493, -2.566793318413344, 1279727000000, 
-2.9470760812897865, -2.9657172280344852, -2.5667926970106816, 1279829000000, 
-2.948060418986522, -2.9663548385931384, -2.5667920049890167, 1279931000000, 
-2.948716395370601, -2.9667797458533913, -2.5667914715866322, 1279999000000, 
-2.949702091158671, -2.9674182355825507, -2.566790855460838, 1280101000000, 
-2.950669301881941, -2.9680447567437165, -2.5667902380982355, 1280203000000, 
-2.9516226200506477, -2.968662273829798, -2.5667896367363374, 1280305000000, 
-2.952552818334612, -2.9692648185298762, -2.5667890844919525, 1280407000000, 
-2.9534359621500923, -2.9698368871069265, -2.566788556571464, 1280509000000, 
-2.9543211588295955, -2.9704102783186586, -2.5667879896372345, 1280611000000, 
-2.954908567857577, -2.9707907790511294, -2.5667876676471764, 1280679000000, 
-2.9557751386578213, -2.9713521101552933, -2.5667871992744336, 1280781000000, 
-2.95662719806757, -2.971904045207141, -2.5667867383564476, 1280883000000, 
-2.9574676370400605, -2.9724484466068346, -2.5667863108174416, 1280985000000, 
-2.958282988134083, -2.9729766094627963, -2.5667859104793247, 1281087000000, 
