e, e_dot, e_int, stamp, 
2.81195601707159, -5.70854474801763e-09, 0.19121300906721303, 451181000000, 
2.8119560315960124, 1.886131120568614e-07, 0.19121300938323507, 451215000000, 
2.81478279158843, 0.013856809025797877, 0.2869156245687051, 451283000000, 
2.823245359567216, 0.0415121175405636, 0.47883243702259404, 451385000000, 
2.836104248416365, 0.06967796348998352, 0.5762410031708968, 451487000000, 
2.846546722480026, 0.09321111093019795, 0.48200079205960433, 451555000000, 
2.862788527323712, 0.10426639195809624, 0.48424157156580583, 451657000000, 
2.875520677781614, 0.09468612843656128, 0.5837702030758039, 451759000000, 
2.8838978992087663, 0.0689848754413541, 0.5863100830933582, 451861000000, 
2.887744387294274, 0.03994676311326888, 0.5880070815713564, 451963000000, 
2.8871046913063787, 0.010479712737295532, 0.5887947944910403, 452065000000, 
2.8824136810213026, -0.017420608735200974, 0.5886938676542929, 452167000000, 
2.8773495874160897, -0.04015408723168442, 0.48998918438548034, 452235000000, 
2.8674656388790023, -0.05712447367616572, 0.48887630474792904, 452337000000, 
2.8551069668129627, -0.07268830262459798, 0.5847947091313477, 452439000000, 
2.840558768933131, -0.08793094753552684, 0.5822929334745065, 452541000000, 
2.824142521858438, -0.1011909965834143, 0.5793469615171081, 452643000000, 
2.8062948736639837, -0.11197351395146216, 0.5760277391829776, 452745000000, 
2.7871364837652424, -0.12093476501044309, 0.572395023791561, 452847000000, 
2.767205491130909, -0.12774308017344674, 0.5685233057020891, 452949000000, 
2.7467059755417327, -0.1321258438676787, 0.564471260629776, 453051000000, 
2.73289478922287, -0.13469377473029462, 0.4673190211674123, 453119000000, 
2.7117067772107344, -0.13694376304061953, 0.4641740940452691, 453221000000, 
2.690228566390084, -0.13943210076073886, 0.5531684490320108, 453323000000, 
2.6685287604319172, -0.14110462999613452, 0.5487915590742259, 453425000000, 
2.64665637521728, -0.14239278161047053, 0.544368131738671, 453527000000, 
2.631997410242846, -0.1433360544976737, 0.45034034426721575, 453595000000, 
2.6099193350962144, -0.14400824381791696, 0.4470191434981926, 453697000000, 
2.5877541837284355, -0.14458570756343334, 0.5324176231765897, 453799000000, 
2.5655211405316987, -0.14509213909972474, 0.5278972368362317, 453901000000, 
2.54323405268296, -0.1454906243316185, 0.5233626376321303, 454003000000, 
2.5209120827140716, -0.14578123469812757, 0.5188173747631536, 454105000000, 
2.498570317893023, -0.145959917614174, 0.5142647188237236, 454207000000, 
2.476211702174394, -0.1460796749662671, 0.5097071989891412, 454309000000, 
2.4538330646463415, -0.14620017400876284, 0.5051458257605355, 454411000000, 
2.438903827298012, -0.14631533840047864, 0.417573753666729, 454479000000, 
2.423968018230291, -0.14639728635318916, 0.33169062259458393, 454547000000, 
2.4015531180105323, -0.14646605823967465, 0.41165074793386736, 454649000000, 
2.379127145029473, -0.14653880130986305, 0.4899160831263801, 454751000000, 
2.3566935450602546, -0.14659991160221456, 0.4853414189508176, 454853000000, 
2.334260522419609, -0.1466229497054378, 0.4807655224506348, 454955000000, 
2.311831433971725, -0.1466082061716656, 0.4761894140987079, 455057000000, 
2.289401631625572, -0.1465976823334537, 0.4716135639851496, 455159000000, 
2.266967349788477, -0.14661465419362074, 0.4670376282462326, 455261000000, 
2.244527919057296, -0.14664611950416953, 0.4624609892320514, 455363000000, 
2.2220840640999184, -0.1466774042109758, 0.4578833946403069, 455465000000, 
2.207120082177049, -0.14669878379634657, 0.3781781503689416, 455533000000, 
2.1846772313936738, -0.14669550218195893, 0.37478661140133634, 455635000000, 
2.162238800369272, -0.14667085558097007, 0.44567445574791964, 455737000000, 
2.1398015524497267, -0.14665254556845445, 0.4410967957264617, 455839000000, 
2.117361398085646, -0.14665817739747067, 0.4365193190615158, 455941000000, 
2.094917399071549, -0.14668023979796688, 0.4319414637732706, 456043000000, 
2.072473027135737, -0.1466940227121218, 0.4273631240519193, 456145000000, 
2.0575115806746704, -0.14668804453402473, 0.3527444470566442, 456213000000, 
2.0350720162207048, -0.14667233380903652, 0.3493532086950963, 456315000000, 
2.0126332780244094, -0.14666111977209495, 0.41515474749454534, 456417000000, 
1.9901926909755212, -0.14666446158556723, 0.41057706299500313, 456519000000, 
1.967750000443736, -0.14667737771461878, 0.4059991659221693, 456621000000, 
1.94530715367815, -0.1466847624097095, 0.40142098946662363, 456723000000, 
1.9228660995661524, -0.14667941463262632, 0.3968427812507866, 456825000000, 
1.900426707272621, -0.14666812550826477, 0.3922647973151508, 456927000000, 
1.8854671870458966, -0.14666232886803304, 0.3234963996534646, 456995000000, 
1.8630268551098235, -0.14666539959529376, 0.32010550913427266, 457097000000, 
1.84058518172785, -0.14667321999361616, 0.38005738722408267, 457199000000, 
1.8181433289174587, -0.1466781901711268, 0.3754793648713489, 457301000000, 
1.7957026396080509, -0.14667497424770962, 0.3709013182172284, 457403000000, 
1.7732630944565437, -0.14666743287880699, 0.36632341628277953, 457505000000, 
1.750823524486594, -0.146663774906722, 0.3617456695814808, 457607000000, 
1.7358633306151081, -0.14666621169012595, 0.29806383047496726, 457675000000, 
1.713422328503365, -0.1466708918920651, 0.2946728537376204, 457777000000, 
1.6909811766756437, -0.14667370568452412, 0.3495381448339999, 457879000000, 
1.6685407572167315, -0.14667180159030557, 0.3449602098429103, 457981000000, 
1.6461010597896946, -0.14666704864689273, 0.3403823635703807, 458083000000, 
1.6236613973468426, -0.14666457473819902, 0.33580461857602223, 458185000000, 
1.608701289751282, -0.14666609096795039, 0.2764462789903097, 458253000000, 
1.5862606993918777, -0.14666912337498395, 0.27305532523443343, 458355000000, 
1.5638201003860008, -0.14667055348131106, 0.3235971820879828, 458457000000, 
1.5413798756633426, -0.1466693585899843, 0.319019325930003, 458559000000, 
1.518940026535358, -0.14666690800863644, 0.3144415201757596, 458661000000, 
1.4965001830838869, -0.14666566202436496, 0.3098637657992159, 458763000000, 
1.4740600243493127, -0.1466666738106058, 0.3052860159098619, 458865000000, 
1.4516196483128454, -0.1466684142844493, 0.300708230190731, 458967000000, 
1.4291793946684739, -0.14666872444718573, 0.29613041657848294, 459069000000, 
1.4142193838812607, -0.1466675484483377, 0.24338437752221284, 459137000000, 
1.3917794920471522, -0.146666366061857, 0.23999343533382356, 459239000000, 
1.3693395468907805, -0.14666613395581748, 0.2839230127517052, 459341000000, 
1.3468994195476665, -0.14666690359309079, 0.2793452551770207, 459443000000, 
1.3244592303872156, -0.14666770099204232, 0.274767477384145, 459545000000, 
1.3020190643676346, -0.14666782738572504, 0.2701896845725711, 459647000000, 
1.279579088302387, -0.1466671309961719, 0.2656119020478921, 459749000000, 
1.2571391316052136, -0.14666644693601624, 0.26103413533071596, 459851000000, 
1.242179117791188, -0.14666659286997288, 0.21413751580293133, 459919000000, 
1.2197390534541934, -0.14666694463409471, 0.21074658049486708, 460021000000, 
1.204778972231177, -0.1466672750703243, 0.20777950479700497, 460089000000, 
1.174858871502974, -0.14666731170155844, 0.24475762900880743, 460225000000, 
1.1598988933124827, -0.14666680664016052, 0.2406884981191711, 460293000000, 
1.137458925823719, -0.14666645351143945, 0.19675894580288664, 460395000000, 
1.11501888198369, -0.14666670368886545, 0.2320416156761526, 460497000000, 
1.0925787805789327, -0.14666714132283154, 0.22746384801027122, 460599000000, 
1.070138758171053, -0.14666707128312695, 0.2228860766098899, 460701000000, 
1.0476987929497943, -0.14666662623901427, 0.218308310555585, 460803000000, 
1.0252587520438625, -0.14666668669016525, 0.21373054861520027, 460905000000, 
1.0029194861675483, -0.14633760386354888, 0.20915963811896193, 461007000000, 
0.9882127690087291, -0.1450958876292255, 0.1709288237424746, 461075000000, 
0.966534149820527, -0.14293691152428414, 0.16760109628315223, 461177000000, 
0.94531338283733, -0.14019407245555263, 0.19720410051332785, 461279000000, 
0.9245497524557211, -0.13720391295688192, 0.19287501538772328, 461381000000, 
0.9042903222046099, -0.1340622896494121, 0.18864243510984094, 461483000000, 
0.8842784895373617, -0.13160543437372377, 0.18449206236544308, 461585000000, 
0.8648494536082629, -0.12889172743904245, 0.18043244204381592, 461687000000, 
0.8458470692851487, -0.12559287664121868, 0.17645830084529257, 461789000000, 
0.8272615714424644, -0.12283621622809987, 0.17258115041483957, 461891000000, 
0.8150995037559845, -0.12035489990981758, 0.1409984615207372, 461959000000, 
0.7971923016759468, -0.11813824709071084, 0.13824135802288243, 462061000000, 
0.7796786750716967, -0.11575434210551554, 0.16265399267424668, 462163000000, 
0.7625495174847361, -0.11321171304317222, 0.15908059360780183, 462265000000, 
0.7458386442919689, -0.11058833588146359, 0.1555885449056913, 462367000000, 
0.7294540949165116, -0.10815497571315198, 0.1521732734551387, 462469000000, 
0.7187313603729806, -0.10610670323775757, 0.12432803230961612, 462537000000, 
0.7029425270182412, -0.10415991885632636, 0.12189725233077156, 462639000000, 
0.6875000484894498, -0.10206311073049278, 0.14342382763988568, 462741000000, 
0.6723960782141291, -0.09982499609186983, 0.14027302845308373, 462843000000, 
0.6576609130277584, -0.09751351458069075, 0.13719387870173091, 462945000000, 
0.6479933962185422, -0.09554392287645395, 0.11208952195609102, 463013000000, 
0.6337584521867576, -0.09390921322094403, 0.10990005648120663, 463115000000, 
0.6152640275453097, -0.09184889710088408, 0.150496592825415, 463251000000, 
0.6017475170295568, -0.08950107515306832, 0.14682775307642218, 463353000000, 
0.5928688637124262, -0.08769441337074775, 0.10255988980294657, 463421000000, 
0.5797465253366242, -0.086406269122542, 0.10054723134445441, 463523000000, 
0.566943669501495, -0.084722856898468, 0.11829001598143705, 463625000000, 
0.5544839800681637, -0.0825573374786291, 0.11567984389362722, 463727000000, 
0.5423290905992245, -0.08043980033421726, 0.11313545833148406, 463829000000, 
0.5304130587244626, -0.07866314164608182, 0.11065137679864584, 463931000000, 
0.5187602582525733, -0.07702232793023266, 0.1082221637151857, 464033000000, 
0.5073641211828585, -0.07532332529936013, 0.10584454579487279, 464135000000, 
0.49990572559587676, -0.07380304068688696, 0.08647503928510748, 464203000000, 
0.4889230721606857, -0.07245178697929279, 0.08478426540656717, 464305000000, 
0.4781817773367192, -0.07099329496456726, 0.09975671910634314, 464407000000, 
0.46767665383557855, -0.06943273962453318, 0.09756514222664285, 464509000000, 
0.45742788041465776, -0.06782319255575628, 0.09542346918791296, 464611000000, 
0.4473790778074911, -0.06633194780420738, 0.09332888561992546, 464713000000, 
0.43755100230849486, -0.06495711799399641, 0.09128034131608376, 464815000000, 
0.43111909736025367, -0.06364683961228111, 0.0745761200569869, 464883000000, 
0.42164820634045574, -0.06247957007241737, 0.07311803734052157, 464985000000, 
0.41238494348671034, -0.06122272507693897, 0.08603035280874453, 465087000000, 
0.40332519110689247, -0.059879134750206786, 0.08414036718351596, 465189000000, 
0.39448657943624377, -0.058491385785838484, 0.08229337655402956, 465291000000, 
0.3858205357089589, -0.05720475620239724, 0.08048699682514245, 465393000000, 
0.377344951017919, -0.056018393523937206, 0.07872034049909227, 465495000000, 
0.3690554538194783, -0.05478784931202816, 0.07699102395715221, 465597000000, 
0.3609477338827889, -0.05358567691218985, 0.07529967343297266, 465699000000, 
0.3556415656497004, -0.05250644538013773, 0.0615198693566115, 465767000000, 
0.3478283642362469, -0.051543966546033416, 0.060317000946895044, 465869000000, 
0.3401868829741503, -0.05050549893970626, 0.07096866327448663, 465971000000, 
0.33271332042412627, -0.04939556801346615, 0.06940954259914758, 466073000000, 
0.3254221124150363, -0.048250884180110976, 0.06788591747530526, 466175000000, 
0.31827327456742116, -0.04718969234217355, 0.0663957921036477, 466277000000, 
0.3112815324556661, -0.04621104561885699, 0.0649384305217924, 466379000000, 
0.3067057624163141, -0.045279075721513316, 0.05305476560156607, 466447000000, 
0.29996803620923884, -0.044448958385958325, 0.05201746876126908, 466549000000, 
0.2933779340294006, -0.04355499472847545, 0.06120351782053683, 466651000000, 
0.28693270267220994, -0.04259912920597681, 0.05985894975793775, 466753000000, 
0.28064469254836155, -0.041611900264833496, 0.0585449623889981, 466855000000, 
0.27651929885630544, -0.040771570790629263, 0.04783214599768969, 466923000000, 
0.270444749228804, -0.04007398746923396, 0.046897828635896685, 467025000000, 
0.26450373712333497, -0.03926654161101461, 0.05517980939417421, 467127000000, 
0.25869292267302924, -0.038404661946976414, 0.053967615813711435, 467229000000, 
0.2529958439543283, -0.03760749401636173, 0.05278109025504708, 467331000000, 
0.24923520343410344, -0.0370524166635236, 0.04311902497014945, 467399000000, 
0.2437584167700659, -0.036332507988152934, 0.042272736302314866, 467501000000, 
0.2384020628659494, -0.03540242015736616, 0.04973490644876807, 467603000000, 
0.2331634030176252, -0.034624227949152646, 0.048642024020447545, 467705000000, 
0.22802788475086447, -0.033902542859754664, 0.04757234784314185, 467807000000, 
0.22467546871977706, -0.03321615135095373, 0.03886578286766845, 467875000000, 
0.21973918344464347, -0.03256506314302191, 0.03810507709186615, 467977000000, 
0.21491138963847853, -0.031908755167642265, 0.04483417084259713, 468079000000, 
0.21018975001528462, -0.031207298788754414, 0.04384914197069164, 468181000000, 
0.20556074513044006, -0.030557661790975372, 0.04288500816532582, 468283000000, 
0.2010444920459311, -0.029886463952135636, 0.04194205912903259, 468385000000, 
0.1966274180955344, -0.02919387919903808, 0.04101982055848958, 468487000000, 
0.19373670954847297, -0.028605022127414587, 0.03351315511576318, 468555000000, 
0.18948027696476016, -0.028080050340865914, 0.03285784959449683, 468657000000, 
0.18531751441323713, -0.02751370959227399, 0.038660346062999965, 468759000000, 
0.18124622516135433, -0.026908666024202072, 0.03781099312467591, 468861000000, 
0.17727431435994392, -0.026284967494422235, 0.0369809876675484, 468963000000, 
0.17337993975640856, -0.025706815048842396, 0.03616923259088406, 469065000000, 
0.16957115174343937, -0.025173734040864565, 0.03537532759846584, 469167000000, 
0.16707851606462332, -0.024665821997363616, 0.028901677761986704, 469235000000, 
0.16340805701149752, -0.02421376657303881, 0.028336604406441746, 469337000000, 
0.15981808771562253, -0.023726890029414333, 0.03334071693383855, 469439000000, 
0.15630702161710383, -0.023205998020894413, 0.03260825531140722, 469541000000, 
0.15288165139065713, -0.022668092565246423, 0.031892459729190074, 469643000000, 
0.15063431571134323, -0.02221037171705083, 0.026056636027415904, 469711000000, 
0.14732519121867402, -0.02183048369817012, 0.025547665638171548, 469813000000, 
0.14408874696377055, -0.021390747541087163, 0.030059281264777568, 469915000000, 
0.14092335122253755, -0.020921045739008076, 0.029398935679538777, 470017000000, 
0.13783510965445228, -0.02043672323306625, 0.028753610133171705, 470119000000, 
0.1348071466486737, -0.019987596646613922, 0.028122461311745114, 470221000000, 
0.13184570357969932, -0.01957322246651293, 0.02750518127203212, 470323000000, 
0.12990761277580293, -0.01917836364319921, 0.022471759570236637, 470391000000, 
0.1270537262235455, -0.018826871758503366, 0.022032399079479372, 470493000000, 
0.12426247373698139, -0.018448166793534435, 0.025923219266070423, 470595000000, 
0.12242910636603029, -0.018108835107812943, 0.02117890069183824, 470663000000, 
0.11975260472475277, -0.017733832345438474, 0.020765170473573315, 470765000000, 
0.11798587067905866, -0.017407198398100246, 0.02040949630029103, 470833000000, 
0.11539396393672299, -0.017130744479989645, 0.02001083822929695, 470935000000, 
0.11285898553787882, -0.016754526605162887, 0.023544239770448908, 471037000000, 
0.11119393327387896, -0.016446264035437808, 0.019235323355747243, 471105000000, 
0.10876293843626968, -0.016106448475846653, 0.018859565244054886, 471207000000, 
0.10637361666686093, -0.0157526686503857, 0.022190473209636647, 471309000000, 
0.10403680743968069, -0.015444872537872507, 0.021703788652911168, 471411000000, 
0.10251322537131878, -0.015105171012167011, 0.017732340137078754, 471479000000, 
0.10026140396546099, -0.014827433033989071, 0.01738598141733276, 471581000000, 
0.0987822329476428, -0.0146097318058336, 0.01708822219611728, 471649000000, 
0.09661218500753603, -0.014342498257627628, 0.016753829908836258, 471751000000, 
0.09450016020732031, -0.013993701765759745, 0.019712831315049938, 471853000000, 
0.09242415558040817, -0.013686370676888424, 0.019280482054077983, 471955000000, 
0.09038888472723011, -0.013435540784608504, 0.018857297635017183, 472057000000, 
0.0884032153711835, -0.013140327481126405, 0.01844270538615988, 472159000000, 
0.08710362020431386, -0.012859680086114586, 0.015067424150487889, 472227000000, 
0.0851899376765186, -0.012624429013397748, 0.01477281715094757, 472329000000, 
0.08331828197207942, -0.012370386379851111, 0.017381605109998005, 472431000000, 
0.08148783757328153, -0.012098366350447948, 0.01699973189108781, 472533000000, 
0.07969325581193906, -0.011846490719412952, 0.016625957524296398, 472635000000, 
0.07850865096457568, -0.011671532785580177, 0.013582418846488455, 472703000000, 
0.07678342006478422, -0.011444895983125905, 0.013315835187673607, 472805000000, 
0.07509614565431418, -0.011151978138109501, 0.015666398734489835, 472907000000, 
0.0734460097142985, -0.01090656977282916, 0.015322139129470986, 473009000000, 
0.07183640468938753, -0.010652748251394279, 0.014985742083944013, 473111000000, 
0.07025822746086695, -0.010417589063501811, 0.014656763646789599, 473213000000, 
0.06922541434498472, -0.01022025131484941, 0.011974802634730221, 473281000000, 
0.06770467995351101, -0.010032529625153766, 0.011740671566363884, 473383000000, 
0.06621731244188318, -0.009830398376148816, 0.013814023658345763, 473485000000, 
0.06476254134746574, -0.009614832045899564, 0.013510548294514474, 473587000000, 
0.0638140330033695, -0.009403704609679075, 0.011038320251587377, 473655000000, 
0.06195178872103751, -0.009213874927756062, 0.012955928688887348, 473791000000, 
0.06059080088108108, -0.009011996900998112, 0.014784292060035386, 473893000000, 
0.05970014425483394, -0.00881363653374881, 0.010327088251893976, 473961000000, 
0.05838540889958122, -0.008662484622952393, 0.010124993395344787, 474063000000, 
0.057096298642070914, -0.008509299388114473, 0.011912365922161052, 474165000000, 
0.055841651202040744, -0.008312933652093063, 0.011649988394571114, 474267000000, 
0.054611654089759216, -0.008119753438927117, 0.011393373067503217, 474369000000, 
0.05380867967888992, -0.007955747479037484, 0.009308179148339093, 474437000000, 
0.052626386454383674, -0.007799852420948335, 0.009125980812638526, 474539000000, 
0.05147007154821489, -0.007642510230964158, 0.010737549362341215, 474641000000, 
0.05033926375148299, -0.007474257199021846, 0.010501629079277543, 474743000000, 
